Method;TargetClass;NbAccessedEntities;Distance_TC
android.support.v4.net.TrafficStatsCompat.clearThreadStatsTag();android.support.v4.net.TrafficStatsCompatIcs;0;1.0
android.support.v4.net.TrafficStatsCompat.getThreadStatsTag();android.support.v4.net.TrafficStatsCompatIcs;0;1.0
android.support.v4.net.TrafficStatsCompat.incrementOperationCount(int);android.support.v4.net.TrafficStatsCompatIcs;0;1.0
android.support.v4.net.TrafficStatsCompat.incrementOperationCount(int, int);android.support.v4.net.TrafficStatsCompatIcs;0;1.0
android.support.v4.net.TrafficStatsCompat.setThreadStatsTag(int);android.support.v4.net.TrafficStatsCompatIcs;0;1.0
android.support.v4.net.TrafficStatsCompat.tagSocket(java.net.Socket);android.support.v4.net.TrafficStatsCompatIcs;0;1.0
android.support.v4.net.TrafficStatsCompat.untagSocket(java.net.Socket);android.support.v4.net.TrafficStatsCompatIcs;0;1.0
android.support.v4.app.NotificationCompat.build(android.support.v4.app.NotificationCompat.Builder);android.support.v4.app.NotificationCompatJellybean;5;0.972972972972973
android.support.v4.app.NotificationCompat.build(android.support.v4.app.NotificationCompat.Builder);android.support.v4.app.NotificationCompat;32;0.619718309859155
android.support.v4.app.FragmentManagerImpl.run();android.support.v4.app.FragmentActivity;1;0.9795918367346939
android.support.v4.app.FragmentManagerImpl.run();android.support.v4.app.FragmentManagerImpl;1;1.0
android.support.v4.app.FragmentManagerImpl.popBackStack();android.support.v4.app.FragmentActivity;1;0.9803921568627451
android.support.v4.app.FragmentManagerImpl.popBackStack();android.support.v4.app.FragmentManagerImpl;3;0.989247311827957
android.support.v4.app.FragmentManagerImpl.popBackStackImmediate();android.support.v4.app.FragmentActivity;1;0.9803921568627451
android.support.v4.app.FragmentManagerImpl.popBackStackImmediate();android.support.v4.app.FragmentManagerImpl;3;0.9782608695652174
android.support.v4.app.FragmentManagerImpl.popBackStack(int, java.lang.String);android.support.v4.app.FragmentActivity;1;0.9803921568627451
android.support.v4.app.FragmentManagerImpl.popBackStack(int, java.lang.String);android.support.v4.app.FragmentManagerImpl;3;0.989247311827957
android.support.v4.app.FragmentManagerImpl.popBackStackImmediate(int, java.lang.String);android.support.v4.app.FragmentActivity;1;0.9803921568627451
android.support.v4.app.FragmentManagerImpl.popBackStackImmediate(int, java.lang.String);android.support.v4.app.FragmentManagerImpl;3;0.9782608695652174
android.support.v4.app.FragmentManagerImpl.popBackStack(int, int);android.support.v4.app.FragmentActivity;1;0.9803921568627451
android.support.v4.app.FragmentManagerImpl.popBackStack(int, int);android.support.v4.app.FragmentManagerImpl;3;0.989247311827957
android.support.v4.app.FragmentManagerImpl.popBackStackImmediate(int, int);android.support.v4.app.FragmentActivity;1;0.9803921568627451
android.support.v4.app.FragmentManagerImpl.popBackStackImmediate(int, int);android.support.v4.app.FragmentManagerImpl;3;0.9782608695652174
android.support.v4.app.FragmentManagerImpl.putFragment(android.support.v4.app.Bundle, android.support.v4.app.Fragment, java.lang.String);android.support.v4.app.Fragment;1;0.9895833333333334
android.support.v4.app.FragmentManagerImpl.saveFragmentInstanceState(android.support.v4.app.Fragment);android.support.v4.app.Fragment;3;0.979381443298969
android.support.v4.app.FragmentManagerImpl.saveFragmentInstanceState(android.support.v4.app.Fragment);android.support.v4.app.FragmentManagerImpl;1;0.9891304347826086
android.support.v4.app.FragmentManagerImpl.toString();android.support.v4.util.DebugUtils;0;1.0
android.support.v4.app.FragmentManagerImpl.toString();android.support.v4.app.FragmentManagerImpl;0;1.0
android.support.v4.app.FragmentManagerImpl.dump(java.io.FileDescriptor, java.io.PrintWriter, java.lang.String, java.lang.String[]);android.support.v4.app.Fragment;15;0.9922480620155039
android.support.v4.app.FragmentManagerImpl.dump(java.io.FileDescriptor, java.io.PrintWriter, java.lang.String, java.lang.String[]);android.support.v4.app.BackStackRecord;1;1.0
android.support.v4.app.FragmentManagerImpl.dump(java.io.FileDescriptor, java.io.PrintWriter, java.lang.String, java.lang.String[]);android.support.v4.app.FragmentManagerImpl;13;0.8828828828828829
android.support.v4.app.FragmentManagerImpl.loadAnimation(android.support.v4.app.Fragment, boolean, int, int);android.support.v4.app.Fragment;3;0.9897959183673469
android.support.v4.app.FragmentManagerImpl.loadAnimation(android.support.v4.app.Fragment, boolean, int, int);android.support.v4.app.FragmentManagerImpl;1;1.0
android.support.v4.app.FragmentManagerImpl.performPendingDeferredStart(android.support.v4.app.Fragment);android.support.v4.app.Fragment;5;0.99
android.support.v4.app.FragmentManagerImpl.performPendingDeferredStart(android.support.v4.app.Fragment);android.support.v4.app.FragmentManagerImpl;4;0.967391304347826
android.support.v4.app.FragmentManagerImpl.moveToState(android.support.v4.app.Fragment, boolean, int, int, int);android.support.v4.app.FragmentActivity;1;0.9894736842105263
android.support.v4.app.FragmentManagerImpl.moveToState(android.support.v4.app.Fragment, boolean, int, int, int);android.support.v4.app.Fragment;47;0.6909090909090909
android.support.v4.app.FragmentManagerImpl.moveToState(android.support.v4.app.Fragment, boolean, int, int, int);android.support.v4.app.FragmentManagerImpl;10;0.9384615384615385
android.support.v4.app.FragmentManagerImpl.moveToState(android.support.v4.app.Fragment, boolean, int, int, int);android.support.v4.app.NoSaveStateFrameLayout;0;1.0
android.support.v4.app.FragmentManagerImpl.onAnimationEnd(android.support.v4.app.Animation);android.support.v4.app.Fragment;3;0.979381443298969
android.support.v4.app.FragmentManagerImpl.onAnimationEnd(android.support.v4.app.Animation);android.support.v4.app.FragmentManagerImpl;1;1.0
android.support.v4.app.FragmentManagerImpl.moveToState(boolean, int, int, int);android.support.v4.app.FragmentActivity;1;0.9821428571428571
android.support.v4.app.FragmentManagerImpl.moveToState(boolean, int, int, int);android.support.v4.app.Fragment;6;1.0
android.support.v4.app.FragmentManagerImpl.moveToState(boolean, int, int, int);android.support.v4.app.FragmentManagerImpl;5;0.9578947368421052
android.support.v4.app.FragmentManagerImpl.moveToState(boolean, int, int, int);android.support.v4.app.LoaderManagerImpl;1;0.9795918367346939
android.support.v4.app.FragmentManagerImpl.makeActive(android.support.v4.app.Fragment);android.support.v4.app.Fragment;4;0.9805825242718447
android.support.v4.app.FragmentManagerImpl.makeActive(android.support.v4.app.Fragment);android.support.v4.app.FragmentManagerImpl;2;0.979381443298969
android.support.v4.app.FragmentManagerImpl.makeInactive(android.support.v4.app.Fragment);android.support.v4.app.FragmentActivity;1;0.9814814814814815
android.support.v4.app.FragmentManagerImpl.makeInactive(android.support.v4.app.Fragment);android.support.v4.app.Fragment;5;0.9801980198019802
android.support.v4.app.FragmentManagerImpl.makeInactive(android.support.v4.app.Fragment);android.support.v4.app.FragmentManagerImpl;2;0.9789473684210527
android.support.v4.app.FragmentManagerImpl.addFragment(android.support.v4.app.Fragment, boolean);android.support.v4.app.Fragment;9;0.9504950495049505
android.support.v4.app.FragmentManagerImpl.addFragment(android.support.v4.app.Fragment, boolean);android.support.v4.app.FragmentManagerImpl;4;0.9583333333333334
android.support.v4.app.FragmentManagerImpl.removeFragment(android.support.v4.app.Fragment, int, int);android.support.v4.app.Fragment;10;0.9299999999999999
android.support.v4.app.FragmentManagerImpl.removeFragment(android.support.v4.app.Fragment, int, int);android.support.v4.app.FragmentManagerImpl;3;0.9797979797979798
android.support.v4.app.FragmentManagerImpl.hideFragment(android.support.v4.app.Fragment, int, int);android.support.v4.app.Fragment;8;0.9387755102040817
android.support.v4.app.FragmentManagerImpl.hideFragment(android.support.v4.app.Fragment, int, int);android.support.v4.app.FragmentManagerImpl;2;0.9896907216494846
android.support.v4.app.FragmentManagerImpl.showFragment(android.support.v4.app.Fragment, int, int);android.support.v4.app.Fragment;8;0.9387755102040817
android.support.v4.app.FragmentManagerImpl.showFragment(android.support.v4.app.Fragment, int, int);android.support.v4.app.FragmentManagerImpl;2;0.9896907216494846
android.support.v4.app.FragmentManagerImpl.detachFragment(android.support.v4.app.Fragment, int, int);android.support.v4.app.Fragment;7;0.96
android.support.v4.app.FragmentManagerImpl.detachFragment(android.support.v4.app.Fragment, int, int);android.support.v4.app.FragmentManagerImpl;3;0.9791666666666666
android.support.v4.app.FragmentManagerImpl.attachFragment(android.support.v4.app.Fragment, int, int);android.support.v4.app.Fragment;8;0.9603960396039604
android.support.v4.app.FragmentManagerImpl.attachFragment(android.support.v4.app.Fragment, int, int);android.support.v4.app.FragmentManagerImpl;4;0.96875
android.support.v4.app.FragmentManagerImpl.findFragmentById(int);android.support.v4.app.Fragment;3;0.99
android.support.v4.app.FragmentManagerImpl.findFragmentById(int);android.support.v4.app.FragmentManagerImpl;2;0.978494623655914
android.support.v4.app.FragmentManagerImpl.findFragmentByTag(java.lang.String);android.support.v4.app.Fragment;3;0.9900990099009901
android.support.v4.app.FragmentManagerImpl.findFragmentByTag(java.lang.String);android.support.v4.app.FragmentManagerImpl;2;0.9787234042553191
android.support.v4.app.FragmentManagerImpl.findFragmentByWho(java.lang.String);android.support.v4.app.Fragment;2;0.99
android.support.v4.app.FragmentManagerImpl.findFragmentByWho(java.lang.String);android.support.v4.app.FragmentManagerImpl;1;0.9893617021276596
android.support.v4.app.FragmentManagerImpl.enqueueAction(boolean, java.lang.Runnable);android.support.v4.app.FragmentActivity;1;0.9811320754716981
android.support.v4.app.FragmentManagerImpl.enqueueAction(boolean, java.lang.Runnable);android.support.v4.app.FragmentManagerImpl;3;0.967741935483871
android.support.v4.app.FragmentManagerImpl.execPendingActions();android.support.v4.app.FragmentActivity;1;0.9838709677419355
android.support.v4.app.FragmentManagerImpl.execPendingActions();android.support.v4.app.Fragment;8;1.0
android.support.v4.app.FragmentManagerImpl.execPendingActions();android.support.v4.app.FragmentManagerImpl;7;0.9285714285714286
android.support.v4.app.FragmentManagerImpl.execPendingActions();android.support.v4.app.LoaderManagerImpl;1;0.9818181818181818
android.support.v4.app.FragmentManagerImpl.reportBackStackChanged();android.support.v4.app.FragmentManager;2;1.0
android.support.v4.app.FragmentManagerImpl.reportBackStackChanged();android.support.v4.app.FragmentManagerImpl;1;0.989247311827957
android.support.v4.app.FragmentManagerImpl.popBackStackState(android.support.v4.app.Handler, int, int, java.lang.String);android.support.v4.app.FragmentManager;2;1.0
android.support.v4.app.FragmentManagerImpl.popBackStackState(android.support.v4.app.Handler, int, int, java.lang.String);android.support.v4.app.BackStackRecord;3;0.9538461538461538
android.support.v4.app.FragmentManagerImpl.popBackStackState(android.support.v4.app.Handler, int, int, java.lang.String);android.support.v4.app.FragmentManagerImpl;2;0.9795918367346939
android.support.v4.app.FragmentManagerImpl.retainNonConfig();android.support.v4.app.Fragment;5;0.96
android.support.v4.app.FragmentManagerImpl.retainNonConfig();android.support.v4.app.FragmentManagerImpl;1;0.9896907216494846
android.support.v4.app.FragmentManagerImpl.saveFragmentViewState(android.support.v4.app.Fragment);android.support.v4.app.Fragment;3;0.979381443298969
android.support.v4.app.FragmentManagerImpl.saveFragmentViewState(android.support.v4.app.Fragment);android.support.v4.app.FragmentManagerImpl;1;0.9891304347826086
android.support.v4.app.FragmentManagerImpl.saveFragmentBasicState(android.support.v4.app.Fragment);android.support.v4.app.Fragment;6;0.9591836734693877
android.support.v4.app.FragmentManagerImpl.saveFragmentBasicState(android.support.v4.app.Fragment);android.support.v4.app.FragmentManagerImpl;2;0.9787234042553191
android.support.v4.app.FragmentManagerImpl.saveAllState();android.support.v4.app.Fragment;16;0.9642857142857143
android.support.v4.app.FragmentManagerImpl.saveAllState();android.support.v4.app.FragmentManagerImpl;8;0.9423076923076923
android.support.v4.app.FragmentManagerImpl.saveAllState();android.support.v4.app.FragmentManagerState;3;0.875
android.support.v4.app.FragmentManagerImpl.saveAllState();android.support.v4.app.FragmentState;1;0.9705882352941176
android.support.v4.app.FragmentManagerImpl.restoreAllState(android.support.v4.app.Parcelable, java.util.ArrayList<android.support.v4.app.Fragment>);android.support.v4.app.Fragment;16;0.9473684210526316
android.support.v4.app.FragmentManagerImpl.restoreAllState(android.support.v4.app.Parcelable, java.util.ArrayList<android.support.v4.app.Fragment>);android.support.v4.app.BackStackRecord;1;0.9876543209876543
android.support.v4.app.FragmentManagerImpl.restoreAllState(android.support.v4.app.Parcelable, java.util.ArrayList<android.support.v4.app.Fragment>);android.support.v4.app.BackStackState;1;0.972972972972973
android.support.v4.app.FragmentManagerImpl.restoreAllState(android.support.v4.app.Parcelable, java.util.ArrayList<android.support.v4.app.Fragment>);android.support.v4.app.FragmentManagerState;3;0.8928571428571429
android.support.v4.app.FragmentManagerImpl.restoreAllState(android.support.v4.app.Parcelable, java.util.ArrayList<android.support.v4.app.Fragment>);android.support.v4.app.FragmentManagerImpl;5;0.9636363636363636
android.support.v4.app.FragmentManagerImpl.restoreAllState(android.support.v4.app.Parcelable, java.util.ArrayList<android.support.v4.app.Fragment>);android.support.v4.app.FragmentState;2;0.9459459459459459
android.support.v4.app.FragmentManagerImpl.dispatchCreate();android.support.v4.app.Fragment;2;1.0
android.support.v4.app.FragmentManagerImpl.dispatchCreate();android.support.v4.app.FragmentManagerImpl;2;0.989010989010989
android.support.v4.app.FragmentManagerImpl.dispatchActivityCreated();android.support.v4.app.Fragment;2;1.0
android.support.v4.app.FragmentManagerImpl.dispatchActivityCreated();android.support.v4.app.FragmentManagerImpl;2;0.989010989010989
android.support.v4.app.FragmentManagerImpl.dispatchStart();android.support.v4.app.Fragment;2;1.0
android.support.v4.app.FragmentManagerImpl.dispatchStart();android.support.v4.app.FragmentManagerImpl;2;0.989010989010989
android.support.v4.app.FragmentManagerImpl.dispatchResume();android.support.v4.app.Fragment;2;1.0
android.support.v4.app.FragmentManagerImpl.dispatchResume();android.support.v4.app.FragmentManagerImpl;2;0.989010989010989
android.support.v4.app.FragmentManagerImpl.dispatchPause();android.support.v4.app.Fragment;1;1.0
android.support.v4.app.FragmentManagerImpl.dispatchPause();android.support.v4.app.FragmentManagerImpl;1;1.0
android.support.v4.app.FragmentManagerImpl.dispatchStop();android.support.v4.app.Fragment;2;1.0
android.support.v4.app.FragmentManagerImpl.dispatchStop();android.support.v4.app.FragmentManagerImpl;2;0.989010989010989
android.support.v4.app.FragmentManagerImpl.dispatchReallyStop();android.support.v4.app.Fragment;1;1.0
android.support.v4.app.FragmentManagerImpl.dispatchReallyStop();android.support.v4.app.FragmentManagerImpl;1;1.0
android.support.v4.app.FragmentManagerImpl.dispatchDestroy();android.support.v4.app.Fragment;3;1.0
android.support.v4.app.FragmentManagerImpl.dispatchDestroy();android.support.v4.app.FragmentManagerImpl;3;0.978021978021978
android.support.v4.app.FragmentManagerImpl.dispatchConfigurationChanged(android.support.v4.app.Configuration);android.support.v4.app.Fragment;2;0.98989898989899
android.support.v4.app.FragmentManagerImpl.dispatchConfigurationChanged(android.support.v4.app.Configuration);android.support.v4.app.FragmentManagerImpl;1;0.989247311827957
android.support.v4.app.FragmentManagerImpl.dispatchLowMemory();android.support.v4.app.Fragment;2;0.98989898989899
android.support.v4.app.FragmentManagerImpl.dispatchLowMemory();android.support.v4.app.FragmentManagerImpl;1;0.989247311827957
android.support.v4.app.FragmentManagerImpl.dispatchCreateOptionsMenu(android.support.v4.app.Menu, android.support.v4.app.MenuInflater);android.support.v4.app.Fragment;7;0.9509803921568627
android.support.v4.app.FragmentManagerImpl.dispatchCreateOptionsMenu(android.support.v4.app.Menu, android.support.v4.app.MenuInflater);android.support.v4.app.FragmentManagerImpl;2;0.9797979797979798
android.support.v4.app.FragmentManagerImpl.dispatchPrepareOptionsMenu(android.support.v4.app.Menu);android.support.v4.app.Fragment;5;0.9595959595959596
android.support.v4.app.FragmentManagerImpl.dispatchPrepareOptionsMenu(android.support.v4.app.Menu);android.support.v4.app.FragmentManagerImpl;1;0.9895833333333334
android.support.v4.app.FragmentManagerImpl.dispatchOptionsItemSelected(android.support.v4.app.MenuItem);android.support.v4.app.Fragment;5;0.9595959595959596
android.support.v4.app.FragmentManagerImpl.dispatchOptionsItemSelected(android.support.v4.app.MenuItem);android.support.v4.app.FragmentManagerImpl;1;0.9895833333333334
android.support.v4.app.FragmentManagerImpl.dispatchContextItemSelected(android.support.v4.app.MenuItem);android.support.v4.app.Fragment;4;0.9696969696969697
android.support.v4.app.FragmentManagerImpl.dispatchContextItemSelected(android.support.v4.app.MenuItem);android.support.v4.app.FragmentManagerImpl;1;0.9894736842105263
android.support.v4.app.FragmentManagerImpl.dispatchOptionsMenuClosed(android.support.v4.app.Menu);android.support.v4.app.Fragment;5;0.9595959595959596
android.support.v4.app.FragmentManagerImpl.dispatchOptionsMenuClosed(android.support.v4.app.Menu);android.support.v4.app.FragmentManagerImpl;1;0.9895833333333334
android.support.v4.app.BackStackState.instantiate(android.support.v4.app.FragmentManagerImpl);android.support.v4.app.BackStackRecord;17;0.7571428571428571
android.support.v4.app.BackStackState.instantiate(android.support.v4.app.FragmentManagerImpl);android.support.v4.app.BackStackState;9;0.7352941176470589
android.support.v4.app.BackStackState.instantiate(android.support.v4.app.FragmentManagerImpl);android.support.v4.app.FragmentManagerImpl;1;0.9915254237288136
android.support.v4.app.BackStackRecord.dump(java.io.FileDescriptor, java.io.PrintWriter, java.lang.String, java.lang.String[]);android.support.v4.app.BackStackRecord;21;0.6818181818181819
android.support.v4.app.BackStackRecord.dump(java.io.FileDescriptor, java.io.PrintWriter, java.lang.String, java.lang.String[]);android.support.v4.app.FragmentTransaction;0;1.0
android.support.v4.app.BackStackRecord.getBreadCrumbTitle();android.support.v4.app.BackStackRecord;2;0.9655172413793104
android.support.v4.app.BackStackRecord.getBreadCrumbTitle();android.support.v4.app.FragmentManagerImpl;0;1.0
android.support.v4.app.BackStackRecord.getBreadCrumbShortTitle();android.support.v4.app.BackStackRecord;2;0.9655172413793104
android.support.v4.app.BackStackRecord.getBreadCrumbShortTitle();android.support.v4.app.FragmentManagerImpl;0;1.0
android.support.v4.app.BackStackRecord.doAddOp(android.support.v4.app.Fragment, int, int, java.lang.String);android.support.v4.app.Fragment;3;0.9696969696969697
android.support.v4.app.BackStackRecord.doAddOp(android.support.v4.app.Fragment, int, int, java.lang.String);android.support.v4.app.BackStackRecord;2;0.967741935483871
android.support.v4.app.BackStackRecord.bumpBackStackNesting(int);android.support.v4.app.Fragment;1;0.9901960784313726
android.support.v4.app.BackStackRecord.bumpBackStackNesting(int);android.support.v4.app.BackStackRecord;4;0.9344262295081968
android.support.v4.app.BackStackRecord.bumpBackStackNesting(int);android.support.v4.app.FragmentManagerImpl;0;1.0
android.support.v4.app.BackStackRecord.commitInternal(boolean);android.support.v4.app.BackStackRecord;3;0.95
android.support.v4.app.BackStackRecord.commitInternal(boolean);android.support.v4.app.FragmentManagerImpl;2;0.9893617021276596
android.support.v4.app.BackStackRecord.run();android.support.v4.app.Fragment;13;0.975
android.support.v4.app.BackStackRecord.run();android.support.v4.app.BackStackRecord;11;0.8513513513513513
android.support.v4.app.BackStackRecord.run();android.support.v4.app.FragmentManagerImpl;10;0.9166666666666666
android.support.v4.app.BackStackRecord.popFromBackStack(boolean);android.support.v4.app.Fragment;10;0.9914529914529915
android.support.v4.app.BackStackRecord.popFromBackStack(boolean);android.support.v4.app.BackStackRecord;10;0.8571428571428572
android.support.v4.app.BackStackRecord.popFromBackStack(boolean);android.support.v4.app.FragmentManagerImpl;9;0.9230769230769231
android.support.v4.app.FragmentPagerAdapter.instantiateItem(android.support.v4.app.ViewGroup, int);android.support.v4.app.FragmentManager;2;1.0
android.support.v4.app.FragmentPagerAdapter.instantiateItem(android.support.v4.app.ViewGroup, int);android.support.v4.app.FragmentPagerAdapter;2;0.9375
android.support.v4.app.FragmentPagerAdapter.instantiateItem(android.support.v4.app.ViewGroup, int);android.support.v4.app.Fragment;8;0.9803921568627451
android.support.v4.app.FragmentPagerAdapter.instantiateItem(android.support.v4.app.ViewGroup, int);android.support.v4.app.FragmentTransaction;2;1.0
android.support.v4.app.FragmentPagerAdapter.destroyItem(android.support.v4.app.ViewGroup, int, java.lang.Object);android.support.v4.app.FragmentManager;1;1.0
android.support.v4.app.FragmentPagerAdapter.destroyItem(android.support.v4.app.ViewGroup, int, java.lang.Object);android.support.v4.app.FragmentPagerAdapter;1;0.9166666666666666
android.support.v4.app.FragmentPagerAdapter.destroyItem(android.support.v4.app.ViewGroup, int, java.lang.Object);android.support.v4.app.Fragment;4;0.98989898989899
android.support.v4.app.FragmentPagerAdapter.destroyItem(android.support.v4.app.ViewGroup, int, java.lang.Object);android.support.v4.app.FragmentTransaction;1;1.0
android.support.v4.app.FragmentPagerAdapter.setPrimaryItem(android.support.v4.app.ViewGroup, int, java.lang.Object);android.support.v4.app.FragmentPagerAdapter;0;1.0
android.support.v4.app.FragmentPagerAdapter.setPrimaryItem(android.support.v4.app.ViewGroup, int, java.lang.Object);android.support.v4.app.Fragment;2;0.9791666666666666
android.support.v4.app.FragmentPagerAdapter.finishUpdate(android.support.v4.app.ViewGroup);android.support.v4.app.FragmentManager;1;1.0
android.support.v4.app.FragmentPagerAdapter.finishUpdate(android.support.v4.app.ViewGroup);android.support.v4.app.FragmentPagerAdapter;0;1.0
android.support.v4.app.FragmentPagerAdapter.finishUpdate(android.support.v4.app.ViewGroup);android.support.v4.app.FragmentTransaction;1;1.0
android.support.v4.app.FragmentPagerAdapter.isViewFromObject(android.support.v4.app.View, java.lang.Object);android.support.v4.app.Fragment;1;0.9895833333333334
android.support.v4.app.FragmentActivity.handleMessage(android.support.v4.app.Message);android.support.v4.app.FragmentActivity;3;0.9387755102040817
android.support.v4.app.FragmentActivity.handleMessage(android.support.v4.app.Message);android.support.v4.app.FragmentManagerImpl;1;0.989247311827957
android.support.v4.app.FragmentActivity.onActivityResult(android.support.v4.app.Intent, int, int);android.support.v4.app.FragmentActivity;0;1.0
android.support.v4.app.FragmentActivity.onActivityResult(android.support.v4.app.Intent, int, int);android.support.v4.app.Fragment;2;1.0
android.support.v4.app.FragmentActivity.onActivityResult(android.support.v4.app.Intent, int, int);android.support.v4.app.FragmentManagerImpl;1;0.9893617021276596
android.support.v4.app.FragmentActivity.onBackPressed();android.support.v4.app.FragmentActivity;0;1.0
android.support.v4.app.FragmentActivity.onBackPressed();android.support.v4.app.FragmentManagerImpl;1;0.9888888888888889
android.support.v4.app.FragmentActivity.onConfigurationChanged(android.support.v4.app.Configuration);android.support.v4.app.FragmentActivity;0;1.0
android.support.v4.app.FragmentActivity.onConfigurationChanged(android.support.v4.app.Configuration);android.support.v4.app.FragmentManagerImpl;1;0.9888888888888889
android.support.v4.app.FragmentActivity.onCreate(android.support.v4.app.Bundle);android.support.v4.app.FragmentActivity;3;0.9411764705882353
android.support.v4.app.FragmentActivity.onCreate(android.support.v4.app.Bundle);android.support.v4.app.FragmentManagerImpl;3;0.967741935483871
android.support.v4.app.FragmentActivity.onCreatePanelMenu(android.support.v4.app.Menu, int);android.support.v4.app.FragmentActivity;0;1.0
android.support.v4.app.FragmentActivity.onCreatePanelMenu(android.support.v4.app.Menu, int);android.support.v4.app.FragmentManagerImpl;1;0.9888888888888889
android.support.v4.app.FragmentActivity.onCreateView(android.support.v4.app.AttributeSet, android.support.v4.app.Context, java.lang.String);android.support.v4.app.FragmentActivity;0;1.0
android.support.v4.app.FragmentActivity.onCreateView(android.support.v4.app.AttributeSet, android.support.v4.app.Context, java.lang.String);android.support.v4.app.Fragment;13;0.9117647058823529
android.support.v4.app.FragmentActivity.onCreateView(android.support.v4.app.AttributeSet, android.support.v4.app.Context, java.lang.String);android.support.v4.app.FragmentManagerImpl;4;0.9603960396039604
android.support.v4.app.FragmentActivity.onDestroy();android.support.v4.app.FragmentActivity;1;0.98
android.support.v4.app.FragmentActivity.onDestroy();android.support.v4.app.FragmentManagerImpl;1;0.9891304347826086
android.support.v4.app.FragmentActivity.onDestroy();android.support.v4.app.LoaderManagerImpl;1;0.9767441860465116
android.support.v4.app.FragmentActivity.onLowMemory();android.support.v4.app.FragmentActivity;0;1.0
android.support.v4.app.FragmentActivity.onLowMemory();android.support.v4.app.FragmentManagerImpl;1;0.9888888888888889
android.support.v4.app.FragmentActivity.onMenuItemSelected(android.support.v4.app.MenuItem, int);android.support.v4.app.FragmentActivity;0;1.0
android.support.v4.app.FragmentActivity.onMenuItemSelected(android.support.v4.app.MenuItem, int);android.support.v4.app.FragmentManagerImpl;2;0.9777777777777777
android.support.v4.app.FragmentActivity.onPanelClosed(android.support.v4.app.Menu, int);android.support.v4.app.FragmentActivity;0;1.0
android.support.v4.app.FragmentActivity.onPanelClosed(android.support.v4.app.Menu, int);android.support.v4.app.FragmentManagerImpl;1;0.9888888888888889
android.support.v4.app.FragmentActivity.onPause();android.support.v4.app.FragmentActivity;3;0.9387755102040817
android.support.v4.app.FragmentActivity.onPause();android.support.v4.app.FragmentManagerImpl;1;0.989247311827957
android.support.v4.app.FragmentActivity.onResume();android.support.v4.app.FragmentActivity;2;0.9591836734693877
android.support.v4.app.FragmentActivity.onResume();android.support.v4.app.FragmentManagerImpl;1;0.9891304347826086
android.support.v4.app.FragmentActivity.onPostResume();android.support.v4.app.FragmentActivity;2;0.9591836734693877
android.support.v4.app.FragmentActivity.onPostResume();android.support.v4.app.FragmentManagerImpl;1;0.9891304347826086
android.support.v4.app.FragmentActivity.onResumeFragments();android.support.v4.app.FragmentActivity;0;1.0
android.support.v4.app.FragmentActivity.onResumeFragments();android.support.v4.app.FragmentManagerImpl;1;0.9888888888888889
android.support.v4.app.FragmentActivity.onPreparePanel(android.support.v4.app.Menu, android.support.v4.app.View, int);android.support.v4.app.FragmentActivity;2;0.98
android.support.v4.app.FragmentActivity.onPreparePanel(android.support.v4.app.Menu, android.support.v4.app.View, int);android.support.v4.app.FragmentManagerImpl;1;0.9891304347826086
android.support.v4.app.FragmentActivity.onRetainNonConfigurationInstance();android.support.v4.app.FragmentActivity;9;0.8333333333333334
android.support.v4.app.FragmentActivity.onRetainNonConfigurationInstance();android.support.v4.app.FragmentManagerImpl;1;0.9903846153846154
android.support.v4.app.FragmentActivity.onRetainNonConfigurationInstance();android.support.v4.app.LoaderManagerImpl;2;0.962962962962963
android.support.v4.app.FragmentActivity.onSaveInstanceState(android.support.v4.app.Bundle);android.support.v4.app.FragmentActivity;0;1.0
android.support.v4.app.FragmentActivity.onSaveInstanceState(android.support.v4.app.Bundle);android.support.v4.app.FragmentManagerImpl;1;0.9888888888888889
android.support.v4.app.FragmentActivity.onStart();android.support.v4.app.FragmentActivity;8;0.8813559322033898
android.support.v4.app.FragmentActivity.onStart();android.support.v4.app.FragmentManagerImpl;4;0.9615384615384616
android.support.v4.app.FragmentActivity.onStart();android.support.v4.app.LoaderManagerImpl;4;0.9272727272727272
android.support.v4.app.FragmentActivity.onStop();android.support.v4.app.FragmentActivity;2;0.9591836734693877
android.support.v4.app.FragmentActivity.onStop();android.support.v4.app.FragmentManagerImpl;1;0.9891304347826086
android.support.v4.app.FragmentActivity.supportInvalidateOptionsMenu();android.support.v4.app.FragmentActivity;1;0.9791666666666666
android.support.v4.app.FragmentActivity.supportInvalidateOptionsMenu();android.support.v4.app.ActivityCompatHoneycomb;0;1.0
android.support.v4.app.FragmentActivity.dump(java.io.FileDescriptor, java.io.PrintWriter, java.lang.String, java.lang.String[]);android.support.v4.app.FragmentActivity;5;0.9107142857142857
android.support.v4.app.FragmentActivity.dump(java.io.FileDescriptor, java.io.PrintWriter, java.lang.String, java.lang.String[]);android.support.v4.app.FragmentManagerImpl;1;1.0
android.support.v4.app.FragmentActivity.dump(java.io.FileDescriptor, java.io.PrintWriter, java.lang.String, java.lang.String[]);android.support.v4.app.LoaderManagerImpl;1;1.0
android.support.v4.app.FragmentActivity.onReallyStop();android.support.v4.app.FragmentActivity;2;0.9607843137254902
android.support.v4.app.FragmentActivity.onReallyStop();android.support.v4.app.FragmentManagerImpl;1;0.9893617021276596
android.support.v4.app.FragmentActivity.onReallyStop();android.support.v4.app.LoaderManagerImpl;2;0.9545454545454546
android.support.v4.app.FragmentActivity.startActivityFromFragment(android.support.v4.app.Fragment, android.support.v4.app.Intent, int);android.support.v4.app.Fragment;1;0.9895833333333334
android.support.v4.app.FragmentActivity.invalidateSupportFragmentIndex(int);android.support.v4.app.FragmentActivity;1;0.9807692307692307
android.support.v4.app.FragmentActivity.invalidateSupportFragmentIndex(int);android.support.v4.app.LoaderManagerImpl;2;0.9545454545454546
android.support.v4.app.FragmentActivity.getLoaderManager(boolean, boolean, int);android.support.v4.app.FragmentActivity;1;0.98
android.support.v4.app.FragmentActivity.getLoaderManager(boolean, boolean, int);android.support.v4.app.LoaderManagerImpl;0;1.0
android.support.v4.app.NavUtils.getParentActivityIntent(android.support.v4.app.Activity);android.support.v4.app.NavUtilsJB;0;1.0
android.support.v4.app.NavUtils.getParentActivityIntent(android.support.v4.app.Activity);android.support.v4.app.NavUtils;0;1.0
android.support.v4.app.NavUtils.shouldUpRecreateTask(android.support.v4.app.Activity, android.support.v4.app.Intent);android.support.v4.app.NavUtilsJB;0;1.0
android.support.v4.app.NavUtils.navigateUpTo(android.support.v4.app.Activity, android.support.v4.app.Intent);android.support.v4.app.NavUtilsJB;0;1.0
android.support.v4.app.NavUtils.getParentActivityName(android.support.v4.app.ActivityInfo, android.support.v4.app.Context);android.support.v4.app.NavUtilsJB;0;1.0
android.support.v4.app.NavUtils.getParentActivityName(android.support.v4.app.ActivityInfo, android.support.v4.app.Context);android.support.v4.app.NavUtils;1;1.0
android.support.v4.app.FragmentState.instantiate(android.support.v4.app.FragmentActivity);android.support.v4.app.FragmentActivity;0;1.0
android.support.v4.app.FragmentState.instantiate(android.support.v4.app.FragmentActivity);android.support.v4.app.Fragment;20;0.9158878504672897
android.support.v4.app.FragmentState.instantiate(android.support.v4.app.FragmentActivity);android.support.v4.app.FragmentManagerImpl;0;1.0
android.support.v4.app.FragmentState.instantiate(android.support.v4.app.FragmentActivity);android.support.v4.app.FragmentState;10;0.6
android.support.v4.app.Fragment.toString();android.support.v4.app.Fragment;3;0.9702970297029703
android.support.v4.app.Fragment.toString();android.support.v4.util.DebugUtils;0;1.0
android.support.v4.app.Fragment.setHasOptionsMenu(boolean);android.support.v4.app.FragmentActivity;1;0.9803921568627451
android.support.v4.app.Fragment.setHasOptionsMenu(boolean);android.support.v4.app.Fragment;4;0.9690721649484536
android.support.v4.app.Fragment.setMenuVisibility(boolean);android.support.v4.app.FragmentActivity;1;0.9807692307692307
android.support.v4.app.Fragment.setMenuVisibility(boolean);android.support.v4.app.Fragment;5;0.9587628865979382
android.support.v4.app.Fragment.setUserVisibleHint(boolean);android.support.v4.app.Fragment;4;0.9690721649484536
android.support.v4.app.Fragment.setUserVisibleHint(boolean);android.support.v4.app.FragmentManagerImpl;1;0.989247311827957
android.support.v4.app.Fragment.getLoaderManager();android.support.v4.app.FragmentActivity;1;1.0
android.support.v4.app.Fragment.getLoaderManager();android.support.v4.app.Fragment;4;0.9690721649484536
android.support.v4.app.Fragment.startActivity(android.support.v4.app.Intent);android.support.v4.app.FragmentActivity;1;0.9791666666666666
android.support.v4.app.Fragment.startActivity(android.support.v4.app.Intent);android.support.v4.app.Fragment;1;1.0
android.support.v4.app.Fragment.startActivityForResult(android.support.v4.app.Intent, int);android.support.v4.app.FragmentActivity;1;0.9791666666666666
android.support.v4.app.Fragment.startActivityForResult(android.support.v4.app.Intent, int);android.support.v4.app.Fragment;1;1.0
android.support.v4.app.Fragment.onStart();android.support.v4.app.FragmentActivity;1;1.0
android.support.v4.app.Fragment.onStart();android.support.v4.app.Fragment;5;0.9591836734693877
android.support.v4.app.Fragment.onStart();android.support.v4.app.LoaderManagerImpl;1;0.9782608695652174
android.support.v4.app.Fragment.onDestroy();android.support.v4.app.FragmentActivity;1;1.0
android.support.v4.app.Fragment.onDestroy();android.support.v4.app.Fragment;5;0.9591836734693877
android.support.v4.app.Fragment.onDestroy();android.support.v4.app.LoaderManagerImpl;1;0.9782608695652174
android.support.v4.app.Fragment.dump(java.io.FileDescriptor, java.io.PrintWriter, java.lang.String, java.lang.String[]);android.support.v4.app.Fragment;29;0.7289719626168225
android.support.v4.app.Fragment.dump(java.io.FileDescriptor, java.io.PrintWriter, java.lang.String, java.lang.String[]);android.support.v4.app.LoaderManagerImpl;1;1.0
android.support.v4.app.Fragment.performStart();android.support.v4.app.Fragment;1;0.9896907216494846
android.support.v4.app.Fragment.performStart();android.support.v4.app.LoaderManagerImpl;1;0.9761904761904762
android.support.v4.app.Fragment.performReallyStop();android.support.v4.app.FragmentActivity;2;0.9814814814814815
android.support.v4.app.Fragment.performReallyStop();android.support.v4.app.Fragment;5;0.97
android.support.v4.app.Fragment.performReallyStop();android.support.v4.app.LoaderManagerImpl;2;0.9565217391304348
android.support.v4.app.Fragment.performDestroyView();android.support.v4.app.Fragment;1;0.9896907216494846
android.support.v4.app.Fragment.performDestroyView();android.support.v4.app.LoaderManagerImpl;1;0.9761904761904762
android.support.v4.app.FragmentStatePagerAdapter.instantiateItem(android.support.v4.app.ViewGroup, int);android.support.v4.app.FragmentManager;1;1.0
android.support.v4.app.FragmentStatePagerAdapter.instantiateItem(android.support.v4.app.ViewGroup, int);android.support.v4.app.FragmentStatePagerAdapter;3;0.9090909090909091
android.support.v4.app.FragmentStatePagerAdapter.instantiateItem(android.support.v4.app.ViewGroup, int);android.support.v4.app.Fragment;8;0.9719626168224299
android.support.v4.app.FragmentStatePagerAdapter.instantiateItem(android.support.v4.app.ViewGroup, int);android.support.v4.app.FragmentTransaction;1;1.0
android.support.v4.app.FragmentStatePagerAdapter.destroyItem(android.support.v4.app.ViewGroup, int, java.lang.Object);android.support.v4.app.FragmentManager;2;1.0
android.support.v4.app.FragmentStatePagerAdapter.destroyItem(android.support.v4.app.ViewGroup, int, java.lang.Object);android.support.v4.app.FragmentStatePagerAdapter;2;0.8888888888888888
android.support.v4.app.FragmentStatePagerAdapter.destroyItem(android.support.v4.app.ViewGroup, int, java.lang.Object);android.support.v4.app.Fragment;6;0.9904761904761905
android.support.v4.app.FragmentStatePagerAdapter.destroyItem(android.support.v4.app.ViewGroup, int, java.lang.Object);android.support.v4.app.FragmentTransaction;1;1.0
android.support.v4.app.FragmentStatePagerAdapter.setPrimaryItem(android.support.v4.app.ViewGroup, int, java.lang.Object);android.support.v4.app.FragmentStatePagerAdapter;0;1.0
android.support.v4.app.FragmentStatePagerAdapter.setPrimaryItem(android.support.v4.app.ViewGroup, int, java.lang.Object);android.support.v4.app.Fragment;2;0.9791666666666666
android.support.v4.app.FragmentStatePagerAdapter.finishUpdate(android.support.v4.app.ViewGroup);android.support.v4.app.FragmentManager;1;1.0
android.support.v4.app.FragmentStatePagerAdapter.finishUpdate(android.support.v4.app.ViewGroup);android.support.v4.app.FragmentStatePagerAdapter;0;1.0
android.support.v4.app.FragmentStatePagerAdapter.finishUpdate(android.support.v4.app.ViewGroup);android.support.v4.app.FragmentTransaction;1;1.0
android.support.v4.app.FragmentStatePagerAdapter.isViewFromObject(android.support.v4.app.View, java.lang.Object);android.support.v4.app.Fragment;1;0.9895833333333334
android.support.v4.app.FragmentStatePagerAdapter.saveState();android.support.v4.app.FragmentManager;1;1.0
android.support.v4.app.FragmentStatePagerAdapter.saveState();android.support.v4.app.FragmentStatePagerAdapter;2;0.8666666666666667
android.support.v4.app.FragmentStatePagerAdapter.restoreState(android.support.v4.app.Parcelable, java.lang.ClassLoader);android.support.v4.app.FragmentManager;1;1.0
android.support.v4.app.FragmentStatePagerAdapter.restoreState(android.support.v4.app.Parcelable, java.lang.ClassLoader);android.support.v4.app.FragmentStatePagerAdapter;2;0.9047619047619048
android.support.v4.app.FragmentStatePagerAdapter.restoreState(android.support.v4.app.Parcelable, java.lang.ClassLoader);android.support.v4.app.Fragment;4;0.9907407407407407
android.support.v4.app.TaskStackBuilder.getPendingIntent(android.support.v4.app.Bundle, android.support.v4.app.Context, android.support.v4.app.Intent[], int, int);android.support.v4.app.TaskStackBuilderJellybean;1;1.0
android.support.v4.app.TaskStackBuilder.getPendingIntent(android.support.v4.app.Bundle, android.support.v4.app.Context, android.support.v4.app.Intent[], int, int);android.support.v4.content.IntentCompat;0;1.0
android.support.v4.app.TaskStackBuilder.addParentStack(android.support.v4.app.Activity);android.support.v4.app.TaskStackBuilder;1;0.9333333333333333
android.support.v4.app.TaskStackBuilder.addParentStack(android.support.v4.app.Activity);android.support.v4.app.NavUtils;0;1.0
android.support.v4.app.TaskStackBuilder.addParentStack(java.lang.Class<?>);android.support.v4.app.TaskStackBuilder;2;0.8666666666666667
android.support.v4.app.TaskStackBuilder.addParentStack(java.lang.Class<?>);android.support.v4.app.NavUtils;0;1.0
android.support.v4.app.TaskStackBuilder.startActivities(android.support.v4.app.Bundle);android.support.v4.content.IntentCompat;0;1.0
android.support.v4.app.TaskStackBuilder.startActivities(android.support.v4.app.Bundle);android.support.v4.content.ContextCompat;1;1.0
android.support.v4.app.TaskStackBuilder.startActivities(android.support.v4.app.Bundle);android.support.v4.app.TaskStackBuilder;2;0.875
android.support.v4.app.TaskStackBuilder.getPendingIntent(android.support.v4.app.Bundle, int, int);android.support.v4.content.IntentCompat;0;1.0
android.support.v4.app.TaskStackBuilder.getPendingIntent(android.support.v4.app.Bundle, int, int);android.support.v4.app.TaskStackBuilder;3;0.875
android.support.v4.app.ShareCompat.configureMenuItem(android.support.v4.app.MenuItem, android.support.v4.app.ShareCompat.IntentBuilder);android.support.v4.app.ShareCompat;5;0.9215686274509804
android.support.v4.app.ShareCompat.configureMenuItem(android.support.v4.app.MenuItem, android.support.v4.app.ShareCompat.IntentBuilder);android.support.v4.app.ShareCompatICS;1;1.0
android.support.v4.app.ShareCompat.escapeHtml(java.lang.CharSequence);android.support.v4.app.ShareCompatJB;0;1.0
android.support.v4.app.ShareCompat.setHtmlText(java.lang.String);android.support.v4.app.ShareCompat;2;0.96
android.support.v4.app.ShareCompat.setHtmlText(java.lang.String);android.support.v4.content.IntentCompat;0;1.0
android.support.v4.app.ShareCompat.getHtmlText();android.support.v4.app.ShareCompat;3;0.94
android.support.v4.app.ShareCompat.getHtmlText();android.support.v4.content.IntentCompat;0;1.0
android.support.v4.app.DialogFragment.show(android.support.v4.app.FragmentManager, java.lang.String);android.support.v4.app.FragmentManager;1;1.0
android.support.v4.app.DialogFragment.show(android.support.v4.app.FragmentManager, java.lang.String);android.support.v4.app.DialogFragment;2;0.935483870967742
android.support.v4.app.DialogFragment.show(android.support.v4.app.FragmentManager, java.lang.String);android.support.v4.app.FragmentTransaction;2;1.0
android.support.v4.app.DialogFragment.show(android.support.v4.app.FragmentTransaction, java.lang.String);android.support.v4.app.DialogFragment;4;0.8666666666666667
android.support.v4.app.DialogFragment.show(android.support.v4.app.FragmentTransaction, java.lang.String);android.support.v4.app.FragmentTransaction;2;1.0
android.support.v4.app.DialogFragment.dismissInternal(boolean);android.support.v4.app.FragmentManager;2;1.0
android.support.v4.app.DialogFragment.dismissInternal(boolean);android.support.v4.app.Fragment;5;1.0
android.support.v4.app.DialogFragment.dismissInternal(boolean);android.support.v4.app.DialogFragment;5;0.8484848484848485
android.support.v4.app.DialogFragment.dismissInternal(boolean);android.support.v4.app.FragmentTransaction;3;1.0
android.support.v4.app.DialogFragment.onAttach(android.support.v4.app.Activity);android.support.v4.app.Fragment;1;0.9897959183673469
android.support.v4.app.DialogFragment.onAttach(android.support.v4.app.Activity);android.support.v4.app.DialogFragment;2;0.9310344827586207
android.support.v4.app.DialogFragment.onDetach();android.support.v4.app.Fragment;1;0.9897959183673469
android.support.v4.app.DialogFragment.onDetach();android.support.v4.app.DialogFragment;2;0.9310344827586207
android.support.v4.app.DialogFragment.onCreate(android.support.v4.app.Bundle);android.support.v4.app.Fragment;2;0.9801980198019802
android.support.v4.app.DialogFragment.onCreate(android.support.v4.app.Bundle);android.support.v4.app.DialogFragment;5;0.8333333333333334
android.support.v4.app.DialogFragment.getLayoutInflater(android.support.v4.app.Bundle);android.support.v4.app.Fragment;1;0.99
android.support.v4.app.DialogFragment.getLayoutInflater(android.support.v4.app.Bundle);android.support.v4.app.DialogFragment;4;0.8620689655172413
android.support.v4.app.DialogFragment.onCreateDialog(android.support.v4.app.Bundle);android.support.v4.app.Fragment;0;1.0
android.support.v4.app.DialogFragment.onCreateDialog(android.support.v4.app.Bundle);android.support.v4.app.DialogFragment;1;0.9642857142857143
android.support.v4.app.DialogFragment.onActivityCreated(android.support.v4.app.Bundle);android.support.v4.app.Fragment;2;0.9797979797979798
android.support.v4.app.DialogFragment.onActivityCreated(android.support.v4.app.Bundle);android.support.v4.app.DialogFragment;3;0.9
android.support.v4.app.DialogFragment.onStart();android.support.v4.app.Fragment;1;0.9897959183673469
android.support.v4.app.DialogFragment.onStart();android.support.v4.app.DialogFragment;2;0.9310344827586207
android.support.v4.app.DialogFragment.onSaveInstanceState(android.support.v4.app.Bundle);android.support.v4.app.Fragment;1;0.9901960784313726
android.support.v4.app.DialogFragment.onSaveInstanceState(android.support.v4.app.Bundle);android.support.v4.app.DialogFragment;6;0.7931034482758621
android.support.v4.app.DialogFragment.onStop();android.support.v4.app.Fragment;1;0.9896907216494846
android.support.v4.app.DialogFragment.onStop();android.support.v4.app.DialogFragment;1;0.9655172413793104
android.support.v4.app.DialogFragment.onDestroyView();android.support.v4.app.Fragment;1;0.9897959183673469
android.support.v4.app.DialogFragment.onDestroyView();android.support.v4.app.DialogFragment;2;0.9310344827586207
android.support.v4.app.ListFragment.onCreateView(android.support.v4.app.Bundle, android.support.v4.app.LayoutInflater, android.support.v4.app.ViewGroup);android.support.v4.app.ListFragment;0;1.0
android.support.v4.app.ListFragment.onCreateView(android.support.v4.app.Bundle, android.support.v4.app.LayoutInflater, android.support.v4.app.ViewGroup);android.support.v4.app.Fragment;0;1.0
android.support.v4.app.ListFragment.onViewCreated(android.support.v4.app.Bundle, android.support.v4.app.View);android.support.v4.app.ListFragment;1;0.9642857142857143
android.support.v4.app.ListFragment.onViewCreated(android.support.v4.app.Bundle, android.support.v4.app.View);android.support.v4.app.Fragment;1;1.0
android.support.v4.app.ListFragment.onDestroyView();android.support.v4.app.ListFragment;8;0.7142857142857143
android.support.v4.app.ListFragment.onDestroyView();android.support.v4.app.Fragment;1;0.9903846153846154
android.support.v4.app.ListFragment.setListAdapter(android.support.v4.app.ListAdapter);android.support.v4.app.ListFragment;4;0.8571428571428572
android.support.v4.app.ListFragment.setListAdapter(android.support.v4.app.ListAdapter);android.support.v4.app.Fragment;1;0.99
android.support.v4.app.ListFragment.setListShown(boolean, boolean);android.support.v4.app.ListFragment;4;0.8518518518518519
android.support.v4.app.ListFragment.setListShown(boolean, boolean);android.support.v4.app.Fragment;0;1.0
android.support.v4.app.ListFragment.ensureList();android.support.v4.app.ListFragment;13;0.5357142857142857
android.support.v4.app.ListFragment.ensureList();android.support.v4.app.Fragment;1;0.9908256880733946
android.support.v4.app.LoaderManagerImpl.start();android.support.v4.app.LoaderManagerImpl;8;0.8333333333333334
android.support.v4.app.LoaderManagerImpl.start();android.support.v4.app.LoaderManager;9;1.0
android.support.v4.app.LoaderManagerImpl.destroy();android.support.v4.app.FragmentActivity;0;1.0
android.support.v4.app.LoaderManagerImpl.destroy();android.support.v4.app.FragmentManagerImpl;1;0.9901960784313726
android.support.v4.app.LoaderManagerImpl.destroy();android.support.v4.app.LoaderManagerImpl;9;0.8
android.support.v4.app.LoaderManagerImpl.destroy();android.support.v4.app.LoaderManager;10;1.0
android.support.v4.app.LoaderManagerImpl.onLoadComplete(android.support.v4.content.Loader<java.lang.Object>, java.lang.Object);android.support.v4.app.FragmentActivity;0;1.0
android.support.v4.app.LoaderManagerImpl.onLoadComplete(android.support.v4.content.Loader<java.lang.Object>, java.lang.Object);android.support.v4.app.FragmentManagerImpl;1;0.9905660377358491
android.support.v4.app.LoaderManagerImpl.onLoadComplete(android.support.v4.content.Loader<java.lang.Object>, java.lang.Object);android.support.v4.app.LoaderManagerImpl;13;0.7111111111111111
android.support.v4.app.LoaderManagerImpl.callOnLoadFinished(android.support.v4.content.Loader<java.lang.Object>, java.lang.Object);android.support.v4.app.FragmentActivity;0;1.0
android.support.v4.app.LoaderManagerImpl.callOnLoadFinished(android.support.v4.content.Loader<java.lang.Object>, java.lang.Object);android.support.v4.app.FragmentManagerImpl;1;0.9893617021276596
android.support.v4.app.LoaderManagerImpl.callOnLoadFinished(android.support.v4.content.Loader<java.lang.Object>, java.lang.Object);android.support.v4.app.LoaderManagerImpl;2;0.9545454545454546
android.support.v4.app.LoaderManagerImpl.callOnLoadFinished(android.support.v4.content.Loader<java.lang.Object>, java.lang.Object);android.support.v4.app.LoaderManager;3;1.0
android.support.v4.app.LoaderManagerImpl.toString();android.support.v4.util.DebugUtils;0;1.0
android.support.v4.app.LoaderManagerImpl.toString();android.support.v4.app.LoaderManagerImpl;0;1.0
android.support.v4.app.LoaderManagerImpl.createLoader(android.support.v4.app.Bundle, android.support.v4.app.LoaderManager.LoaderCallbacks<java.lang.Object>, int);android.support.v4.app.LoaderManagerImpl;1;0.9761904761904762
android.support.v4.app.LoaderManagerImpl.createLoader(android.support.v4.app.Bundle, android.support.v4.app.LoaderManager.LoaderCallbacks<java.lang.Object>, int);android.support.v4.app.LoaderManager;2;1.0
android.support.v4.app.LoaderManagerImpl.destroyLoader(int);android.support.v4.app.FragmentActivity;0;1.0
android.support.v4.app.LoaderManagerImpl.destroyLoader(int);android.support.v4.app.FragmentManagerImpl;1;0.9897959183673469
android.support.v4.app.LoaderManagerImpl.destroyLoader(int);android.support.v4.app.LoaderManagerImpl;5;0.8888888888888888
android.support.v4.widget.EdgeEffectCompat.newEdgeEffect(android.support.v4.widget.Context);android.support.v4.widget.EdgeEffectCompatIcs;0;1.0
android.support.v4.widget.EdgeEffectCompat.setSize(int, int, java.lang.Object);android.support.v4.widget.EdgeEffectCompatIcs;1;1.0
android.support.v4.widget.EdgeEffectCompat.isFinished(java.lang.Object);android.support.v4.widget.EdgeEffectCompatIcs;0;1.0
android.support.v4.widget.EdgeEffectCompat.finish(java.lang.Object);android.support.v4.widget.EdgeEffectCompatIcs;0;1.0
android.support.v4.widget.EdgeEffectCompat.onPull(float, java.lang.Object);android.support.v4.widget.EdgeEffectCompatIcs;1;1.0
android.support.v4.widget.EdgeEffectCompat.onRelease(java.lang.Object);android.support.v4.widget.EdgeEffectCompatIcs;0;1.0
android.support.v4.widget.EdgeEffectCompat.onAbsorb(int, java.lang.Object);android.support.v4.widget.EdgeEffectCompatIcs;1;1.0
android.support.v4.widget.EdgeEffectCompat.draw(android.support.v4.widget.Canvas, java.lang.Object);android.support.v4.widget.EdgeEffectCompatIcs;1;1.0
android.support.v4.widget.SearchViewCompat.newSearchView(android.support.v4.widget.Context);android.support.v4.widget.SearchViewCompatHoneycomb;0;1.0
android.support.v4.widget.SearchViewCompat.newOnQueryTextListener(android.support.v4.widget.SearchViewCompat.OnQueryTextListenerCompat);android.support.v4.widget.SearchViewCompatHoneycomb;0;1.0
android.support.v4.widget.SearchViewCompat.newOnQueryTextListener(android.support.v4.widget.SearchViewCompat.OnQueryTextListenerCompat);android.support.v4.widget.SearchViewCompat;4;0.75
android.support.v4.widget.SearchViewCompat.setOnQueryTextListener(java.lang.Object, java.lang.Object);android.support.v4.widget.SearchViewCompatHoneycomb;0;1.0
android.support.v4.widget.SimpleCursorAdapter.convertToString(android.support.v4.widget.Cursor);android.support.v4.widget.CursorAdapter;1;0.9666666666666667
android.support.v4.widget.SimpleCursorAdapter.convertToString(android.support.v4.widget.Cursor);android.support.v4.widget.SimpleCursorAdapter;3;0.7857142857142857
android.support.v4.widget.SimpleCursorAdapter.findColumns(java.lang.String[]);android.support.v4.widget.CursorAdapter;1;0.9642857142857143
android.support.v4.widget.SimpleCursorAdapter.findColumns(java.lang.String[]);android.support.v4.widget.SimpleCursorAdapter;1;0.9285714285714286
android.support.v4.widget.SimpleCursorAdapter.swapCursor(android.support.v4.widget.Cursor);android.support.v4.widget.CursorAdapter;1;0.9655172413793104
android.support.v4.widget.SimpleCursorAdapter.swapCursor(android.support.v4.widget.Cursor);android.support.v4.widget.SimpleCursorAdapter;2;0.8571428571428572
android.support.v4.widget.SimpleCursorAdapter.changeCursorAndColumns(android.support.v4.widget.Cursor, int[], java.lang.String[]);android.support.v4.widget.CursorAdapter;1;0.9666666666666667
android.support.v4.widget.SimpleCursorAdapter.changeCursorAndColumns(android.support.v4.widget.Cursor, int[], java.lang.String[]);android.support.v4.widget.SimpleCursorAdapter;3;0.7857142857142857
android.support.v4.content.AsyncTaskLoader.executePendingTask();android.support.v4.content.ModernAsyncTask;1;1.0
android.support.v4.content.AsyncTaskLoader.dump(java.io.FileDescriptor, java.io.PrintWriter, java.lang.String, java.lang.String[]);android.support.v4.util.TimeUtils;2;1.0
android.support.v4.content.Loader.dataToString(D);android.support.v4.util.DebugUtils;0;1.0
android.support.v4.content.Loader.toString();android.support.v4.util.DebugUtils;0;1.0
android.support.v4.view.ViewCompat.canScrollHorizontally(android.support.v4.view.View, int);android.support.v4.view.ViewCompatICS;0;1.0
android.support.v4.view.ViewCompat.canScrollVertically(android.support.v4.view.View, int);android.support.v4.view.ViewCompatICS;0;1.0
android.support.v4.view.ViewCompat.getOverScrollMode(android.support.v4.view.View);android.support.v4.view.ViewCompatGingerbread;0;1.0
android.support.v4.view.ViewCompat.setOverScrollMode(android.support.v4.view.View, int);android.support.v4.view.ViewCompatGingerbread;0;1.0
android.support.v4.view.ViewCompat.setAccessibilityDelegate(android.support.v4.view.AccessibilityDelegateCompat, android.support.v4.view.View);android.support.v4.view.AccessibilityDelegateCompat;1;0.9545454545454546
android.support.v4.view.ViewCompat.setAccessibilityDelegate(android.support.v4.view.AccessibilityDelegateCompat, android.support.v4.view.View);android.support.v4.view.ViewCompatICS;0;1.0
android.support.v4.view.ViewCompat.onPopulateAccessibilityEvent(android.support.v4.view.AccessibilityEvent, android.support.v4.view.View);android.support.v4.view.ViewCompatICS;1;1.0
android.support.v4.view.ViewCompat.onInitializeAccessibilityEvent(android.support.v4.view.AccessibilityEvent, android.support.v4.view.View);android.support.v4.view.ViewCompatICS;1;1.0
android.support.v4.view.ViewCompat.onInitializeAccessibilityNodeInfo(android.support.v4.view.accessibility.AccessibilityNodeInfoCompat, android.support.v4.view.View);android.support.v4.view.accessibility.AccessibilityNodeInfoCompat;1;0.9915966386554622
android.support.v4.view.ViewCompat.onInitializeAccessibilityNodeInfo(android.support.v4.view.accessibility.AccessibilityNodeInfoCompat, android.support.v4.view.View);android.support.v4.view.ViewCompatICS;0;1.0
android.support.v4.view.ViewCompat.hasTransientState(android.support.v4.view.View);android.support.v4.view.ViewCompatJB;0;1.0
android.support.v4.view.ViewCompat.setHasTransientState(android.support.v4.view.View, boolean);android.support.v4.view.ViewCompatJB;0;1.0
android.support.v4.view.ViewCompat.postInvalidateOnAnimation(android.support.v4.view.View);android.support.v4.view.ViewCompatJB;0;1.0
android.support.v4.view.ViewCompat.postInvalidateOnAnimation(android.support.v4.view.View, int, int, int, int);android.support.v4.view.ViewCompatJB;0;1.0
android.support.v4.view.ViewCompat.postOnAnimation(android.support.v4.view.View, java.lang.Runnable);android.support.v4.view.ViewCompatJB;0;1.0
android.support.v4.view.ViewCompat.postOnAnimationDelayed(android.support.v4.view.View, java.lang.Runnable, long);android.support.v4.view.ViewCompatJB;0;1.0
android.support.v4.view.ViewCompat.getImportantForAccessibility(android.support.v4.view.View);android.support.v4.view.ViewCompatJB;0;1.0
android.support.v4.view.ViewCompat.setImportantForAccessibility(android.support.v4.view.View, int);android.support.v4.view.ViewCompatJB;0;1.0
android.support.v4.view.ViewCompat.getAccessibilityNodeProvider(android.support.v4.view.View);android.support.v4.view.ViewCompatJB;0;1.0
android.support.v4.view.ViewCompat.getFrameTime();android.support.v4.view.ViewCompatHC;0;1.0
android.support.v4.view.ViewConfigurationCompat.getScaledPagingTouchSlop(android.support.v4.view.ViewConfiguration);android.support.v4.view.ViewConfigurationCompatFroyo;0;1.0
android.support.v4.view.PagerTabStrip.onClick(android.support.v4.view.View);android.support.v4.view.PagerTitleStrip;0;1.0
android.support.v4.view.PagerTabStrip.onClick(android.support.v4.view.View);android.support.v4.view.ViewPager;2;0.9856115107913669
android.support.v4.view.PagerTabStrip.setTextSpacing(int);android.support.v4.view.PagerTabStrip;1;0.9666666666666667
android.support.v4.view.PagerTabStrip.setTextSpacing(int);android.support.v4.view.PagerTitleStrip;1;0.9696969696969697
android.support.v4.view.PagerTabStrip.getMinHeight();android.support.v4.view.PagerTabStrip;1;0.967741935483871
android.support.v4.view.PagerTabStrip.getMinHeight();android.support.v4.view.PagerTitleStrip;1;0.9705882352941176
android.support.v4.view.PagerTabStrip.onTouchEvent(android.support.v4.view.MotionEvent);android.support.v4.view.PagerTabStrip;5;0.8484848484848485
android.support.v4.view.PagerTabStrip.onTouchEvent(android.support.v4.view.MotionEvent);android.support.v4.view.PagerTitleStrip;1;0.975
android.support.v4.view.PagerTabStrip.onTouchEvent(android.support.v4.view.MotionEvent);android.support.v4.view.ViewPager;2;0.9863013698630136
android.support.v4.view.PagerTabStrip.onDraw(android.support.v4.view.Canvas);android.support.v4.view.PagerTabStrip;7;0.7666666666666666
android.support.v4.view.PagerTabStrip.onDraw(android.support.v4.view.Canvas);android.support.v4.view.PagerTitleStrip;1;0.9743589743589743
android.support.v4.view.PagerTabStrip.updateTextPositions(boolean, float, int);android.support.v4.view.PagerTabStrip;4;0.875
android.support.v4.view.PagerTabStrip.updateTextPositions(boolean, float, int);android.support.v4.view.PagerTitleStrip;2;0.9736842105263158
android.support.v4.view.VelocityTrackerCompat.getXVelocity(android.support.v4.view.VelocityTracker, int);android.support.v4.view.VelocityTrackerCompatHoneycomb;0;1.0
android.support.v4.view.VelocityTrackerCompat.getYVelocity(android.support.v4.view.VelocityTracker, int);android.support.v4.view.VelocityTrackerCompatHoneycomb;0;1.0
android.support.v4.view.MenuItemCompat.setShowAsAction(android.support.v4.view.MenuItem, int);android.support.v4.view.MenuItemCompatHoneycomb;0;1.0
android.support.v4.view.MenuItemCompat.setActionView(android.support.v4.view.MenuItem, android.support.v4.view.View);android.support.v4.view.MenuItemCompatHoneycomb;0;1.0
android.support.v4.view.ViewGroupCompat.onRequestSendAccessibilityEvent(android.support.v4.view.AccessibilityEvent, android.support.v4.view.View, android.support.v4.view.ViewGroup);android.support.v4.view.ViewGroupCompatIcs;1;1.0
android.support.v4.view.MotionEventCompat.findPointerIndex(android.support.v4.view.MotionEvent, int);android.support.v4.view.MotionEventCompatEclair;0;1.0
android.support.v4.view.MotionEventCompat.getPointerId(android.support.v4.view.MotionEvent, int);android.support.v4.view.MotionEventCompatEclair;0;1.0
android.support.v4.view.MotionEventCompat.getX(android.support.v4.view.MotionEvent, int);android.support.v4.view.MotionEventCompatEclair;0;1.0
android.support.v4.view.MotionEventCompat.getY(android.support.v4.view.MotionEvent, int);android.support.v4.view.MotionEventCompatEclair;0;1.0
android.support.v4.view.KeyEventCompat.normalizeMetaState(int);android.support.v4.view.KeyEventCompatHoneycomb;0;1.0
android.support.v4.view.KeyEventCompat.metaStateHasModifiers(int, int);android.support.v4.view.KeyEventCompatHoneycomb;0;1.0
android.support.v4.view.KeyEventCompat.metaStateHasNoModifiers(int);android.support.v4.view.KeyEventCompatHoneycomb;0;1.0
android.support.v4.view.ViewPager.initViewPager();android.support.v4.view.ViewPager;7;0.95
android.support.v4.view.ViewPager.initViewPager();android.support.v4.view.ViewConfigurationCompat;0;1.0
android.support.v4.view.ViewPager.initViewPager();android.support.v4.view.ViewCompat;1;1.0
android.support.v4.view.ViewPager.setAdapter(android.support.v4.view.PagerAdapter);android.support.v4.view.ViewPager;15;0.9133333333333333
android.support.v4.view.ViewPager.setAdapter(android.support.v4.view.PagerAdapter);android.support.v4.view.PagerAdapter;6;0.8378378378378378
android.support.v4.view.ViewPager.setCurrentItemInternal(boolean, boolean, int, int);android.support.v4.view.ViewPager;15;0.8958333333333334
android.support.v4.view.ViewPager.setCurrentItemInternal(boolean, boolean, int, int);android.support.v4.view.PagerAdapter;1;1.0
android.support.v4.view.ViewPager.smoothScrollTo(int, int, int);android.support.v4.view.ViewPager;8;0.9448275862068966
android.support.v4.view.ViewPager.smoothScrollTo(int, int, int);android.support.v4.view.PagerAdapter;1;0.96875
android.support.v4.view.ViewPager.smoothScrollTo(int, int, int);android.support.v4.view.ViewCompat;0;1.0
android.support.v4.view.ViewPager.addNewItem(int, int);android.support.v4.view.ViewPager;4;0.9722222222222222
android.support.v4.view.ViewPager.addNewItem(int, int);android.support.v4.view.PagerAdapter;2;0.9230769230769231
android.support.v4.view.ViewPager.dataSetChanged();android.support.v4.view.ViewPager;8;0.9536423841059603
android.support.v4.view.ViewPager.dataSetChanged();android.support.v4.view.PagerAdapter;5;0.8823529411764706
android.support.v4.view.ViewPager.populate(int);android.support.v4.view.ViewPager;14;0.9133333333333333
android.support.v4.view.ViewPager.populate(int);android.support.v4.view.PagerAdapter;5;0.8974358974358975
android.support.v4.view.ViewPager.calculatePageOffsets(android.support.v4.view.ViewPager.ItemInfo, android.support.v4.view.ViewPager.ItemInfo, int);android.support.v4.view.ViewPager;8;0.9444444444444444
android.support.v4.view.ViewPager.calculatePageOffsets(android.support.v4.view.ViewPager.ItemInfo, android.support.v4.view.ViewPager.ItemInfo, int);android.support.v4.view.PagerAdapter;2;0.967741935483871
android.support.v4.view.ViewPager.onSaveInstanceState();android.support.v4.view.ViewPager;3;0.9785714285714285
android.support.v4.view.ViewPager.onSaveInstanceState();android.support.v4.view.PagerAdapter;1;0.9545454545454546
android.support.v4.view.ViewPager.onRestoreInstanceState(android.support.v4.view.Parcelable);android.support.v4.view.ViewPager;7;0.9574468085106383
android.support.v4.view.ViewPager.onRestoreInstanceState(android.support.v4.view.Parcelable);android.support.v4.view.PagerAdapter;1;0.9615384615384616
android.support.v4.view.ViewPager.infoForChild(android.support.v4.view.View);android.support.v4.view.ViewPager;2;0.9859154929577465
android.support.v4.view.ViewPager.infoForChild(android.support.v4.view.View);android.support.v4.view.PagerAdapter;1;1.0
android.support.v4.view.ViewPager.computeScroll();android.support.v4.view.ViewPager;3;0.9784172661870504
android.support.v4.view.ViewPager.computeScroll();android.support.v4.view.ViewCompat;0;1.0
android.support.v4.view.ViewPager.completeScroll(boolean);android.support.v4.view.ViewPager;7;0.9507042253521126
android.support.v4.view.ViewPager.completeScroll(boolean);android.support.v4.view.ViewCompat;0;1.0
android.support.v4.view.ViewPager.onInterceptTouchEvent(android.support.v4.view.MotionEvent);android.support.v4.view.MotionEventCompat;0;1.0
android.support.v4.view.ViewPager.onInterceptTouchEvent(android.support.v4.view.MotionEvent);android.support.v4.view.ViewPager;20;0.8581560283687943
android.support.v4.view.ViewPager.onInterceptTouchEvent(android.support.v4.view.MotionEvent);android.support.v4.view.ViewCompat;0;1.0
android.support.v4.view.ViewPager.onTouchEvent(android.support.v4.view.MotionEvent);android.support.v4.widget.EdgeEffectCompat;1;0.9767441860465116
android.support.v4.view.ViewPager.onTouchEvent(android.support.v4.view.MotionEvent);android.support.v4.view.MotionEventCompat;0;1.0
android.support.v4.view.ViewPager.onTouchEvent(android.support.v4.view.MotionEvent);android.support.v4.view.VelocityTrackerCompat;0;1.0
android.support.v4.view.ViewPager.onTouchEvent(android.support.v4.view.MotionEvent);android.support.v4.view.ViewPager;25;0.8482758620689655
android.support.v4.view.ViewPager.onTouchEvent(android.support.v4.view.MotionEvent);android.support.v4.view.PagerAdapter;1;1.0
android.support.v4.view.ViewPager.onTouchEvent(android.support.v4.view.MotionEvent);android.support.v4.view.ViewCompat;0;1.0
android.support.v4.view.ViewPager.performDrag(float);android.support.v4.widget.EdgeEffectCompat;1;0.962962962962963
android.support.v4.view.ViewPager.performDrag(float);android.support.v4.view.ViewPager;7;0.9513888888888888
android.support.v4.view.ViewPager.performDrag(float);android.support.v4.view.PagerAdapter;1;1.0
android.support.v4.view.ViewPager.infoForCurrentScrollPosition();android.support.v4.view.ViewPager;6;0.9577464788732395
android.support.v4.view.ViewPager.infoForCurrentScrollPosition();android.support.v4.view.PagerAdapter;1;0.962962962962963
android.support.v4.view.ViewPager.draw(android.support.v4.view.Canvas);android.support.v4.widget.EdgeEffectCompat;4;0.7894736842105263
android.support.v4.view.ViewPager.draw(android.support.v4.view.Canvas);android.support.v4.view.ViewPager;2;0.9861111111111112
android.support.v4.view.ViewPager.draw(android.support.v4.view.Canvas);android.support.v4.view.PagerAdapter;1;1.0
android.support.v4.view.ViewPager.draw(android.support.v4.view.Canvas);android.support.v4.view.ViewCompat;0;1.0
android.support.v4.view.ViewPager.onDraw(android.support.v4.view.Canvas);android.support.v4.view.ViewPager;8;0.9436619718309859
android.support.v4.view.ViewPager.onDraw(android.support.v4.view.Canvas);android.support.v4.view.PagerAdapter;1;0.9655172413793104
android.support.v4.view.ViewPager.endFakeDrag();android.support.v4.view.VelocityTrackerCompat;0;1.0
android.support.v4.view.ViewPager.endFakeDrag();android.support.v4.view.ViewPager;14;0.9148936170212766
android.support.v4.view.ViewPager.fakeDragBy(float);android.support.v4.view.ViewPager;10;0.9295774647887324
android.support.v4.view.ViewPager.fakeDragBy(float);android.support.v4.view.PagerAdapter;1;1.0
android.support.v4.view.ViewPager.onSecondaryPointerUp(android.support.v4.view.MotionEvent);android.support.v4.view.MotionEventCompat;0;1.0
android.support.v4.view.ViewPager.onSecondaryPointerUp(android.support.v4.view.MotionEvent);android.support.v4.view.ViewPager;3;0.9784172661870504
android.support.v4.view.ViewPager.canScroll(android.support.v4.view.View, boolean, int, int, int);android.support.v4.view.ViewPager;1;0.9928057553956835
android.support.v4.view.ViewPager.canScroll(android.support.v4.view.View, boolean, int, int, int);android.support.v4.view.ViewCompat;0;1.0
android.support.v4.view.ViewPager.executeKeyEvent(android.support.v4.view.KeyEvent);android.support.v4.view.ViewPager;1;0.9928057553956835
android.support.v4.view.ViewPager.executeKeyEvent(android.support.v4.view.KeyEvent);android.support.v4.view.KeyEventCompat;0;1.0
android.support.v4.view.ViewPager.pageRight();android.support.v4.view.ViewPager;2;0.9929078014184397
android.support.v4.view.ViewPager.pageRight();android.support.v4.view.PagerAdapter;1;1.0
android.support.v4.view.ViewPager.onInitializeAccessibilityEvent(android.support.v4.view.AccessibilityEvent, android.support.v4.view.View);android.support.v4.view.AccessibilityDelegateCompat;1;1.0
android.support.v4.view.ViewPager.onInitializeAccessibilityNodeInfo(android.support.v4.view.accessibility.AccessibilityNodeInfoCompat, android.support.v4.view.View);android.support.v4.view.accessibility.AccessibilityNodeInfoCompat;3;0.975609756097561
android.support.v4.view.ViewPager.onInitializeAccessibilityNodeInfo(android.support.v4.view.accessibility.AccessibilityNodeInfoCompat, android.support.v4.view.View);android.support.v4.view.AccessibilityDelegateCompat;1;1.0
android.support.v4.view.ViewPager.onInitializeAccessibilityNodeInfo(android.support.v4.view.accessibility.AccessibilityNodeInfoCompat, android.support.v4.view.View);android.support.v4.view.ViewPager;1;0.993103448275862
android.support.v4.view.ViewPager.onInitializeAccessibilityNodeInfo(android.support.v4.view.accessibility.AccessibilityNodeInfoCompat, android.support.v4.view.View);android.support.v4.view.PagerAdapter;1;1.0
android.support.v4.view.ViewPager.performAccessibilityAction(android.support.v4.view.Bundle, android.support.v4.view.View, int);android.support.v4.view.accessibility.AccessibilityNodeInfoCompat;0;1.0
android.support.v4.view.ViewPager.performAccessibilityAction(android.support.v4.view.Bundle, android.support.v4.view.View, int);android.support.v4.view.AccessibilityDelegateCompat;1;1.0
android.support.v4.view.ViewPager.performAccessibilityAction(android.support.v4.view.Bundle, android.support.v4.view.View, int);android.support.v4.view.ViewPager;2;0.9858156028368794
android.support.v4.view.ViewPager.performAccessibilityAction(android.support.v4.view.Bundle, android.support.v4.view.View, int);android.support.v4.view.PagerAdapter;1;1.0
android.support.v4.view.MenuCompat.setShowAsAction(android.support.v4.view.MenuItem, int);android.support.v4.view.MenuItemCompatHoneycomb;0;1.0
android.support.v4.view.PagerTitleStrip.setSingleLineAllCaps(android.support.v4.view.TextView);android.support.v4.view.PagerTitleStripIcs;0;1.0
android.support.v4.view.PagerTitleStrip.onAttachedToWindow();android.support.v4.view.PagerTitleStrip;2;0.9411764705882353
android.support.v4.view.PagerTitleStrip.onAttachedToWindow();android.support.v4.view.ViewPager;2;0.9858156028368794
android.support.v4.view.PagerTitleStrip.onDetachedFromWindow();android.support.v4.view.PagerTitleStrip;1;0.9705882352941176
android.support.v4.view.PagerTitleStrip.onDetachedFromWindow();android.support.v4.view.ViewPager;2;0.9857142857142858
android.support.v4.view.PagerTitleStrip.updateText(android.support.v4.view.PagerAdapter, int);android.support.v4.view.PagerTitleStrip;8;0.8
android.support.v4.view.PagerTitleStrip.updateText(android.support.v4.view.PagerAdapter, int);android.support.v4.view.PagerAdapter;2;0.9642857142857143
android.support.v4.view.PagerTitleStrip.updateAdapter(android.support.v4.view.PagerAdapter, android.support.v4.view.PagerAdapter);android.support.v4.view.PagerTitleStrip;5;0.8888888888888888
android.support.v4.view.PagerTitleStrip.updateAdapter(android.support.v4.view.PagerAdapter, android.support.v4.view.PagerAdapter);android.support.v4.view.ViewPager;1;0.9931506849315068
android.support.v4.view.PagerTitleStrip.updateAdapter(android.support.v4.view.PagerAdapter, android.support.v4.view.PagerAdapter);android.support.v4.view.PagerAdapter;2;0.92
android.support.v4.view.PagerTitleStrip.updateTextPositions(boolean, float, int);android.support.v4.view.PagerTitleStrip;9;0.7714285714285715
android.support.v4.view.PagerTitleStrip.updateTextPositions(boolean, float, int);android.support.v4.view.ViewPager;0;1.0
android.support.v4.view.PagerTitleStrip.onPageSelected(int);android.support.v4.view.PagerTitleStrip;2;0.9705882352941176
android.support.v4.view.PagerTitleStrip.onPageSelected(int);android.support.v4.view.ViewPager;1;0.9929078014184397
android.support.v4.view.PagerTitleStrip.onChanged();android.support.v4.view.PagerTitleStrip;1;1.0
android.support.v4.view.PagerTitleStrip.onChanged();android.support.v4.view.ViewPager;1;0.9928571428571429
android.support.v4.view.AccessibilityDelegateCompat.newAccessiblityDelegateDefaultImpl();android.support.v4.view.AccessibilityDelegateCompatIcs;0;1.0
android.support.v4.view.AccessibilityDelegateCompat.newAccessiblityDelegateBridge(android.support.v4.view.AccessibilityDelegateCompat);android.support.v4.view.AccessibilityDelegateCompatJellyBean;0;1.0
android.support.v4.view.AccessibilityDelegateCompat.newAccessiblityDelegateBridge(android.support.v4.view.AccessibilityDelegateCompat);android.support.v4.view.accessibility.AccessibilityNodeProviderCompat;1;0.9565217391304348
android.support.v4.view.AccessibilityDelegateCompat.newAccessiblityDelegateBridge(android.support.v4.view.AccessibilityDelegateCompat);android.support.v4.view.AccessibilityDelegateCompat;18;0.9487179487179487
android.support.v4.view.AccessibilityDelegateCompat.dispatchPopulateAccessibilityEvent(android.support.v4.view.AccessibilityEvent, android.support.v4.view.View, java.lang.Object);android.support.v4.view.AccessibilityDelegateCompatIcs;1;1.0
android.support.v4.view.AccessibilityDelegateCompat.onInitializeAccessibilityEvent(android.support.v4.view.AccessibilityEvent, android.support.v4.view.View, java.lang.Object);android.support.v4.view.AccessibilityDelegateCompatIcs;1;1.0
android.support.v4.view.AccessibilityDelegateCompat.onInitializeAccessibilityNodeInfo(android.support.v4.view.accessibility.AccessibilityNodeInfoCompat, android.support.v4.view.View, java.lang.Object);android.support.v4.view.accessibility.AccessibilityNodeInfoCompat;1;0.9916666666666667
android.support.v4.view.AccessibilityDelegateCompat.onInitializeAccessibilityNodeInfo(android.support.v4.view.accessibility.AccessibilityNodeInfoCompat, android.support.v4.view.View, java.lang.Object);android.support.v4.view.AccessibilityDelegateCompatIcs;1;1.0
android.support.v4.view.AccessibilityDelegateCompat.onPopulateAccessibilityEvent(android.support.v4.view.AccessibilityEvent, android.support.v4.view.View, java.lang.Object);android.support.v4.view.AccessibilityDelegateCompatIcs;1;1.0
android.support.v4.view.AccessibilityDelegateCompat.onRequestSendAccessibilityEvent(android.support.v4.view.AccessibilityEvent, android.support.v4.view.View, android.support.v4.view.ViewGroup, java.lang.Object);android.support.v4.view.AccessibilityDelegateCompatIcs;1;1.0
android.support.v4.view.AccessibilityDelegateCompat.sendAccessibilityEvent(android.support.v4.view.View, int, java.lang.Object);android.support.v4.view.AccessibilityDelegateCompatIcs;1;1.0
android.support.v4.view.AccessibilityDelegateCompat.sendAccessibilityEventUnchecked(android.support.v4.view.AccessibilityEvent, android.support.v4.view.View, java.lang.Object);android.support.v4.view.AccessibilityDelegateCompatIcs;1;1.0
android.support.v4.view.AccessibilityDelegateCompat.getAccessibilityNodeProvider(android.support.v4.view.View, java.lang.Object);android.support.v4.view.AccessibilityDelegateCompatJellyBean;1;1.0
android.support.v4.view.AccessibilityDelegateCompat.performAccessibilityAction(android.support.v4.view.Bundle, android.support.v4.view.View, int, java.lang.Object);android.support.v4.view.AccessibilityDelegateCompatJellyBean;1;1.0
android.support.v4.view.accessibility.AccessibilityNodeInfoCompat.obtain();android.support.v4.view.accessibility.AccessibilityNodeInfoCompatIcs;0;1.0
android.support.v4.view.accessibility.AccessibilityNodeInfoCompat.obtain(android.support.v4.view.accessibility.View);android.support.v4.view.accessibility.AccessibilityNodeInfoCompatIcs;0;1.0
android.support.v4.view.accessibility.AccessibilityNodeInfoCompat.obtain(android.support.v4.view.accessibility.View, int);android.support.v4.view.accessibility.AccessibilityNodeInfoCompatJellyBean;0;1.0
android.support.v4.view.accessibility.AccessibilityNodeInfoCompat.obtain(java.lang.Object);android.support.v4.view.accessibility.AccessibilityNodeInfoCompatIcs;0;1.0
android.support.v4.view.accessibility.AccessibilityNodeInfoCompat.addAction(int, java.lang.Object);android.support.v4.view.accessibility.AccessibilityNodeInfoCompatIcs;1;1.0
android.support.v4.view.accessibility.AccessibilityNodeInfoCompat.addChild(android.support.v4.view.accessibility.View, java.lang.Object);android.support.v4.view.accessibility.AccessibilityNodeInfoCompatIcs;1;1.0
android.support.v4.view.accessibility.AccessibilityNodeInfoCompat.addChild(android.support.v4.view.accessibility.View, int, java.lang.Object);android.support.v4.view.accessibility.AccessibilityNodeInfoCompatJellyBean;1;1.0
android.support.v4.view.accessibility.AccessibilityNodeInfoCompat.findAccessibilityNodeInfosByText(java.lang.Object, java.lang.String);android.support.v4.view.accessibility.AccessibilityNodeInfoCompatIcs;0;1.0
android.support.v4.view.accessibility.AccessibilityNodeInfoCompat.getActions(java.lang.Object);android.support.v4.view.accessibility.AccessibilityNodeInfoCompatIcs;0;1.0
android.support.v4.view.accessibility.AccessibilityNodeInfoCompat.getBoundsInParent(android.support.v4.view.accessibility.Rect, java.lang.Object);android.support.v4.view.accessibility.AccessibilityNodeInfoCompatIcs;1;1.0
android.support.v4.view.accessibility.AccessibilityNodeInfoCompat.getBoundsInScreen(android.support.v4.view.accessibility.Rect, java.lang.Object);android.support.v4.view.accessibility.AccessibilityNodeInfoCompatIcs;1;1.0
android.support.v4.view.accessibility.AccessibilityNodeInfoCompat.getChild(int, java.lang.Object);android.support.v4.view.accessibility.AccessibilityNodeInfoCompatIcs;1;1.0
android.support.v4.view.accessibility.AccessibilityNodeInfoCompat.getChildCount(java.lang.Object);android.support.v4.view.accessibility.AccessibilityNodeInfoCompatIcs;0;1.0
android.support.v4.view.accessibility.AccessibilityNodeInfoCompat.getClassName(java.lang.Object);android.support.v4.view.accessibility.AccessibilityNodeInfoCompatIcs;0;1.0
android.support.v4.view.accessibility.AccessibilityNodeInfoCompat.getContentDescription(java.lang.Object);android.support.v4.view.accessibility.AccessibilityNodeInfoCompatIcs;0;1.0
android.support.v4.view.accessibility.AccessibilityNodeInfoCompat.getPackageName(java.lang.Object);android.support.v4.view.accessibility.AccessibilityNodeInfoCompatIcs;0;1.0
android.support.v4.view.accessibility.AccessibilityNodeInfoCompat.getParent(java.lang.Object);android.support.v4.view.accessibility.AccessibilityNodeInfoCompatIcs;0;1.0
android.support.v4.view.accessibility.AccessibilityNodeInfoCompat.getText(java.lang.Object);android.support.v4.view.accessibility.AccessibilityNodeInfoCompatIcs;0;1.0
android.support.v4.view.accessibility.AccessibilityNodeInfoCompat.getWindowId(java.lang.Object);android.support.v4.view.accessibility.AccessibilityNodeInfoCompatIcs;0;1.0
android.support.v4.view.accessibility.AccessibilityNodeInfoCompat.isCheckable(java.lang.Object);android.support.v4.view.accessibility.AccessibilityNodeInfoCompatIcs;0;1.0
android.support.v4.view.accessibility.AccessibilityNodeInfoCompat.isChecked(java.lang.Object);android.support.v4.view.accessibility.AccessibilityNodeInfoCompatIcs;0;1.0
android.support.v4.view.accessibility.AccessibilityNodeInfoCompat.isClickable(java.lang.Object);android.support.v4.view.accessibility.AccessibilityNodeInfoCompatIcs;0;1.0
android.support.v4.view.accessibility.AccessibilityNodeInfoCompat.isEnabled(java.lang.Object);android.support.v4.view.accessibility.AccessibilityNodeInfoCompatIcs;0;1.0
android.support.v4.view.accessibility.AccessibilityNodeInfoCompat.isFocusable(java.lang.Object);android.support.v4.view.accessibility.AccessibilityNodeInfoCompatIcs;0;1.0
android.support.v4.view.accessibility.AccessibilityNodeInfoCompat.isFocused(java.lang.Object);android.support.v4.view.accessibility.AccessibilityNodeInfoCompatIcs;0;1.0
android.support.v4.view.accessibility.AccessibilityNodeInfoCompat.isVisibleToUser(java.lang.Object);android.support.v4.view.accessibility.AccessibilityNodeInfoCompatJellyBean;0;1.0
android.support.v4.view.accessibility.AccessibilityNodeInfoCompat.isAccessibilityFocused(java.lang.Object);android.support.v4.view.accessibility.AccessibilityNodeInfoCompatJellyBean;0;1.0
android.support.v4.view.accessibility.AccessibilityNodeInfoCompat.isLongClickable(java.lang.Object);android.support.v4.view.accessibility.AccessibilityNodeInfoCompatIcs;0;1.0
android.support.v4.view.accessibility.AccessibilityNodeInfoCompat.isPassword(java.lang.Object);android.support.v4.view.accessibility.AccessibilityNodeInfoCompatIcs;0;1.0
android.support.v4.view.accessibility.AccessibilityNodeInfoCompat.isScrollable(java.lang.Object);android.support.v4.view.accessibility.AccessibilityNodeInfoCompatIcs;0;1.0
android.support.v4.view.accessibility.AccessibilityNodeInfoCompat.isSelected(java.lang.Object);android.support.v4.view.accessibility.AccessibilityNodeInfoCompatIcs;0;1.0
android.support.v4.view.accessibility.AccessibilityNodeInfoCompat.performAction(int, java.lang.Object);android.support.v4.view.accessibility.AccessibilityNodeInfoCompatIcs;1;1.0
android.support.v4.view.accessibility.AccessibilityNodeInfoCompat.performAction(android.support.v4.view.accessibility.Bundle, int, java.lang.Object);android.support.v4.view.accessibility.AccessibilityNodeInfoCompatJellyBean;1;1.0
android.support.v4.view.accessibility.AccessibilityNodeInfoCompat.setMovementGranularities(int, java.lang.Object);android.support.v4.view.accessibility.AccessibilityNodeInfoCompatJellyBean;1;1.0
android.support.v4.view.accessibility.AccessibilityNodeInfoCompat.getMovementGranularities(java.lang.Object);android.support.v4.view.accessibility.AccessibilityNodeInfoCompatJellyBean;0;1.0
android.support.v4.view.accessibility.AccessibilityNodeInfoCompat.setBoundsInParent(android.support.v4.view.accessibility.Rect, java.lang.Object);android.support.v4.view.accessibility.AccessibilityNodeInfoCompatIcs;1;1.0
android.support.v4.view.accessibility.AccessibilityNodeInfoCompat.setBoundsInScreen(android.support.v4.view.accessibility.Rect, java.lang.Object);android.support.v4.view.accessibility.AccessibilityNodeInfoCompatIcs;1;1.0
android.support.v4.view.accessibility.AccessibilityNodeInfoCompat.setCheckable(boolean, java.lang.Object);android.support.v4.view.accessibility.AccessibilityNodeInfoCompatIcs;1;1.0
android.support.v4.view.accessibility.AccessibilityNodeInfoCompat.setChecked(boolean, java.lang.Object);android.support.v4.view.accessibility.AccessibilityNodeInfoCompatIcs;1;1.0
android.support.v4.view.accessibility.AccessibilityNodeInfoCompat.setClassName(java.lang.CharSequence, java.lang.Object);android.support.v4.view.accessibility.AccessibilityNodeInfoCompatIcs;1;1.0
android.support.v4.view.accessibility.AccessibilityNodeInfoCompat.setClickable(boolean, java.lang.Object);android.support.v4.view.accessibility.AccessibilityNodeInfoCompatIcs;1;1.0
android.support.v4.view.accessibility.AccessibilityNodeInfoCompat.setContentDescription(java.lang.CharSequence, java.lang.Object);android.support.v4.view.accessibility.AccessibilityNodeInfoCompatIcs;1;1.0
android.support.v4.view.accessibility.AccessibilityNodeInfoCompat.setEnabled(boolean, java.lang.Object);android.support.v4.view.accessibility.AccessibilityNodeInfoCompatIcs;1;1.0
android.support.v4.view.accessibility.AccessibilityNodeInfoCompat.setFocusable(boolean, java.lang.Object);android.support.v4.view.accessibility.AccessibilityNodeInfoCompatIcs;1;1.0
android.support.v4.view.accessibility.AccessibilityNodeInfoCompat.setFocused(boolean, java.lang.Object);android.support.v4.view.accessibility.AccessibilityNodeInfoCompatIcs;1;1.0
android.support.v4.view.accessibility.AccessibilityNodeInfoCompat.setVisibleToUser(boolean, java.lang.Object);android.support.v4.view.accessibility.AccessibilityNodeInfoCompatJellyBean;1;1.0
android.support.v4.view.accessibility.AccessibilityNodeInfoCompat.setAccessibilityFocused(boolean, java.lang.Object);android.support.v4.view.accessibility.AccessibilityNodeInfoCompatJellyBean;1;1.0
android.support.v4.view.accessibility.AccessibilityNodeInfoCompat.setLongClickable(boolean, java.lang.Object);android.support.v4.view.accessibility.AccessibilityNodeInfoCompatIcs;1;1.0
android.support.v4.view.accessibility.AccessibilityNodeInfoCompat.setPackageName(java.lang.CharSequence, java.lang.Object);android.support.v4.view.accessibility.AccessibilityNodeInfoCompatIcs;1;1.0
android.support.v4.view.accessibility.AccessibilityNodeInfoCompat.setParent(android.support.v4.view.accessibility.View, java.lang.Object);android.support.v4.view.accessibility.AccessibilityNodeInfoCompatIcs;1;1.0
android.support.v4.view.accessibility.AccessibilityNodeInfoCompat.setPassword(boolean, java.lang.Object);android.support.v4.view.accessibility.AccessibilityNodeInfoCompatIcs;1;1.0
android.support.v4.view.accessibility.AccessibilityNodeInfoCompat.setScrollable(boolean, java.lang.Object);android.support.v4.view.accessibility.AccessibilityNodeInfoCompatIcs;1;1.0
android.support.v4.view.accessibility.AccessibilityNodeInfoCompat.setSelected(boolean, java.lang.Object);android.support.v4.view.accessibility.AccessibilityNodeInfoCompatIcs;1;1.0
android.support.v4.view.accessibility.AccessibilityNodeInfoCompat.setSource(android.support.v4.view.accessibility.View, java.lang.Object);android.support.v4.view.accessibility.AccessibilityNodeInfoCompatIcs;1;1.0
android.support.v4.view.accessibility.AccessibilityNodeInfoCompat.setSource(android.support.v4.view.accessibility.View, int, java.lang.Object);android.support.v4.view.accessibility.AccessibilityNodeInfoCompatJellyBean;1;1.0
android.support.v4.view.accessibility.AccessibilityNodeInfoCompat.findFocus(int, java.lang.Object);android.support.v4.view.accessibility.AccessibilityNodeInfoCompatJellyBean;1;1.0
android.support.v4.view.accessibility.AccessibilityNodeInfoCompat.focusSearch(int, java.lang.Object);android.support.v4.view.accessibility.AccessibilityNodeInfoCompatJellyBean;1;1.0
android.support.v4.view.accessibility.AccessibilityNodeInfoCompat.setText(java.lang.CharSequence, java.lang.Object);android.support.v4.view.accessibility.AccessibilityNodeInfoCompatIcs;1;1.0
android.support.v4.view.accessibility.AccessibilityNodeInfoCompat.recycle(java.lang.Object);android.support.v4.view.accessibility.AccessibilityNodeInfoCompatIcs;0;1.0
android.support.v4.view.accessibility.AccessibilityNodeInfoCompat.setParent(android.support.v4.view.accessibility.View, int, java.lang.Object);android.support.v4.view.accessibility.AccessibilityNodeInfoCompatJellyBean;1;1.0
android.support.v4.view.accessibility.AccessibilityManagerCompat.newAccessiblityStateChangeListener(android.support.v4.view.accessibility.AccessibilityManagerCompat.AccessibilityStateChangeListenerCompat);android.support.v4.view.accessibility.AccessibilityManagerCompatIcs;0;1.0
android.support.v4.view.accessibility.AccessibilityManagerCompat.newAccessiblityStateChangeListener(android.support.v4.view.accessibility.AccessibilityManagerCompat.AccessibilityStateChangeListenerCompat);android.support.v4.view.accessibility.AccessibilityManagerCompat;2;0.8888888888888888
android.support.v4.view.accessibility.AccessibilityManagerCompat.addAccessibilityStateChangeListener(android.support.v4.view.accessibility.AccessibilityManager, android.support.v4.view.accessibility.AccessibilityManagerCompat.AccessibilityStateChangeListenerCompat);android.support.v4.view.accessibility.AccessibilityManagerCompatIcs;0;1.0
android.support.v4.view.accessibility.AccessibilityManagerCompat.addAccessibilityStateChangeListener(android.support.v4.view.accessibility.AccessibilityManager, android.support.v4.view.accessibility.AccessibilityManagerCompat.AccessibilityStateChangeListenerCompat);android.support.v4.view.accessibility.AccessibilityManagerCompat;1;0.875
android.support.v4.view.accessibility.AccessibilityManagerCompat.removeAccessibilityStateChangeListener(android.support.v4.view.accessibility.AccessibilityManager, android.support.v4.view.accessibility.AccessibilityManagerCompat.AccessibilityStateChangeListenerCompat);android.support.v4.view.accessibility.AccessibilityManagerCompatIcs;0;1.0
android.support.v4.view.accessibility.AccessibilityManagerCompat.removeAccessibilityStateChangeListener(android.support.v4.view.accessibility.AccessibilityManager, android.support.v4.view.accessibility.AccessibilityManagerCompat.AccessibilityStateChangeListenerCompat);android.support.v4.view.accessibility.AccessibilityManagerCompat;1;0.875
android.support.v4.view.accessibility.AccessibilityManagerCompat.getEnabledAccessibilityServiceList(android.support.v4.view.accessibility.AccessibilityManager, int);android.support.v4.view.accessibility.AccessibilityManagerCompatIcs;0;1.0
android.support.v4.view.accessibility.AccessibilityManagerCompat.getInstalledAccessibilityServiceList(android.support.v4.view.accessibility.AccessibilityManager);android.support.v4.view.accessibility.AccessibilityManagerCompatIcs;0;1.0
android.support.v4.view.accessibility.AccessibilityManagerCompat.isTouchExplorationEnabled(android.support.v4.view.accessibility.AccessibilityManager);android.support.v4.view.accessibility.AccessibilityManagerCompatIcs;0;1.0
android.support.v4.view.accessibility.AccessibilityNodeProviderCompat.newAccessibilityNodeProviderBridge(android.support.v4.view.accessibility.AccessibilityNodeProviderCompat);android.support.v4.view.accessibility.AccessibilityNodeProviderCompatJellyBean;0;1.0
android.support.v4.view.accessibility.AccessibilityNodeProviderCompat.newAccessibilityNodeProviderBridge(android.support.v4.view.accessibility.AccessibilityNodeProviderCompat);android.support.v4.view.accessibility.AccessibilityNodeInfoCompat;1;0.9921875
android.support.v4.view.accessibility.AccessibilityNodeProviderCompat.newAccessibilityNodeProviderBridge(android.support.v4.view.accessibility.AccessibilityNodeProviderCompat);android.support.v4.view.accessibility.AccessibilityNodeProviderCompat;6;0.9285714285714286
android.support.v4.view.accessibility.AccessibilityRecordCompat.obtain();android.support.v4.view.accessibility.AccessibilityRecordCompatIcs;0;1.0
android.support.v4.view.accessibility.AccessibilityRecordCompat.obtain(java.lang.Object);android.support.v4.view.accessibility.AccessibilityRecordCompatIcs;0;1.0
android.support.v4.view.accessibility.AccessibilityRecordCompat.getAddedCount(java.lang.Object);android.support.v4.view.accessibility.AccessibilityRecordCompatIcs;0;1.0
android.support.v4.view.accessibility.AccessibilityRecordCompat.getBeforeText(java.lang.Object);android.support.v4.view.accessibility.AccessibilityRecordCompatIcs;0;1.0
android.support.v4.view.accessibility.AccessibilityRecordCompat.getClassName(java.lang.Object);android.support.v4.view.accessibility.AccessibilityRecordCompatIcs;0;1.0
android.support.v4.view.accessibility.AccessibilityRecordCompat.getContentDescription(java.lang.Object);android.support.v4.view.accessibility.AccessibilityRecordCompatIcs;0;1.0
android.support.v4.view.accessibility.AccessibilityRecordCompat.getCurrentItemIndex(java.lang.Object);android.support.v4.view.accessibility.AccessibilityRecordCompatIcs;0;1.0
android.support.v4.view.accessibility.AccessibilityRecordCompat.getFromIndex(java.lang.Object);android.support.v4.view.accessibility.AccessibilityRecordCompatIcs;0;1.0
android.support.v4.view.accessibility.AccessibilityRecordCompat.getItemCount(java.lang.Object);android.support.v4.view.accessibility.AccessibilityRecordCompatIcs;0;1.0
android.support.v4.view.accessibility.AccessibilityRecordCompat.getMaxScrollX(java.lang.Object);android.support.v4.view.accessibility.AccessibilityRecordCompatIcsMr1;0;1.0
android.support.v4.view.accessibility.AccessibilityRecordCompat.getMaxScrollY(java.lang.Object);android.support.v4.view.accessibility.AccessibilityRecordCompatIcsMr1;0;1.0
android.support.v4.view.accessibility.AccessibilityRecordCompat.getParcelableData(java.lang.Object);android.support.v4.view.accessibility.AccessibilityRecordCompatIcs;0;1.0
android.support.v4.view.accessibility.AccessibilityRecordCompat.getRemovedCount(java.lang.Object);android.support.v4.view.accessibility.AccessibilityRecordCompatIcs;0;1.0
android.support.v4.view.accessibility.AccessibilityRecordCompat.getScrollX(java.lang.Object);android.support.v4.view.accessibility.AccessibilityRecordCompatIcs;0;1.0
android.support.v4.view.accessibility.AccessibilityRecordCompat.getScrollY(java.lang.Object);android.support.v4.view.accessibility.AccessibilityRecordCompatIcs;0;1.0
android.support.v4.view.accessibility.AccessibilityRecordCompat.getSource(java.lang.Object);android.support.v4.view.accessibility.AccessibilityNodeInfoCompat;0;1.0
android.support.v4.view.accessibility.AccessibilityRecordCompat.getSource(java.lang.Object);android.support.v4.view.accessibility.AccessibilityRecordCompatIcs;0;1.0
android.support.v4.view.accessibility.AccessibilityRecordCompat.getText(java.lang.Object);android.support.v4.view.accessibility.AccessibilityRecordCompatIcs;0;1.0
android.support.v4.view.accessibility.AccessibilityRecordCompat.getToIndex(java.lang.Object);android.support.v4.view.accessibility.AccessibilityRecordCompatIcs;0;1.0
android.support.v4.view.accessibility.AccessibilityRecordCompat.getWindowId(java.lang.Object);android.support.v4.view.accessibility.AccessibilityRecordCompatIcs;0;1.0
android.support.v4.view.accessibility.AccessibilityRecordCompat.isChecked(java.lang.Object);android.support.v4.view.accessibility.AccessibilityRecordCompatIcs;0;1.0
android.support.v4.view.accessibility.AccessibilityRecordCompat.isEnabled(java.lang.Object);android.support.v4.view.accessibility.AccessibilityRecordCompatIcs;0;1.0
android.support.v4.view.accessibility.AccessibilityRecordCompat.isFullScreen(java.lang.Object);android.support.v4.view.accessibility.AccessibilityRecordCompatIcs;0;1.0
android.support.v4.view.accessibility.AccessibilityRecordCompat.isPassword(java.lang.Object);android.support.v4.view.accessibility.AccessibilityRecordCompatIcs;0;1.0
android.support.v4.view.accessibility.AccessibilityRecordCompat.isScrollable(java.lang.Object);android.support.v4.view.accessibility.AccessibilityRecordCompatIcs;0;1.0
android.support.v4.view.accessibility.AccessibilityRecordCompat.recycle(java.lang.Object);android.support.v4.view.accessibility.AccessibilityRecordCompatIcs;0;1.0
android.support.v4.view.accessibility.AccessibilityRecordCompat.setAddedCount(int, java.lang.Object);android.support.v4.view.accessibility.AccessibilityRecordCompatIcs;1;1.0
android.support.v4.view.accessibility.AccessibilityRecordCompat.setBeforeText(java.lang.CharSequence, java.lang.Object);android.support.v4.view.accessibility.AccessibilityRecordCompatIcs;1;1.0
android.support.v4.view.accessibility.AccessibilityRecordCompat.setChecked(boolean, java.lang.Object);android.support.v4.view.accessibility.AccessibilityRecordCompatIcs;1;1.0
android.support.v4.view.accessibility.AccessibilityRecordCompat.setClassName(java.lang.CharSequence, java.lang.Object);android.support.v4.view.accessibility.AccessibilityRecordCompatIcs;1;1.0
android.support.v4.view.accessibility.AccessibilityRecordCompat.setContentDescription(java.lang.CharSequence, java.lang.Object);android.support.v4.view.accessibility.AccessibilityRecordCompatIcs;1;1.0
android.support.v4.view.accessibility.AccessibilityRecordCompat.setCurrentItemIndex(int, java.lang.Object);android.support.v4.view.accessibility.AccessibilityRecordCompatIcs;1;1.0
android.support.v4.view.accessibility.AccessibilityRecordCompat.setEnabled(boolean, java.lang.Object);android.support.v4.view.accessibility.AccessibilityRecordCompatIcs;1;1.0
android.support.v4.view.accessibility.AccessibilityRecordCompat.setFromIndex(int, java.lang.Object);android.support.v4.view.accessibility.AccessibilityRecordCompatIcs;1;1.0
android.support.v4.view.accessibility.AccessibilityRecordCompat.setFullScreen(boolean, java.lang.Object);android.support.v4.view.accessibility.AccessibilityRecordCompatIcs;1;1.0
android.support.v4.view.accessibility.AccessibilityRecordCompat.setItemCount(int, java.lang.Object);android.support.v4.view.accessibility.AccessibilityRecordCompatIcs;1;1.0
android.support.v4.view.accessibility.AccessibilityRecordCompat.setMaxScrollX(int, java.lang.Object);android.support.v4.view.accessibility.AccessibilityRecordCompatIcsMr1;1;1.0
android.support.v4.view.accessibility.AccessibilityRecordCompat.setMaxScrollY(int, java.lang.Object);android.support.v4.view.accessibility.AccessibilityRecordCompatIcsMr1;1;1.0
android.support.v4.view.accessibility.AccessibilityRecordCompat.setParcelableData(android.support.v4.view.accessibility.Parcelable, java.lang.Object);android.support.v4.view.accessibility.AccessibilityRecordCompatIcs;1;1.0
android.support.v4.view.accessibility.AccessibilityRecordCompat.setPassword(boolean, java.lang.Object);android.support.v4.view.accessibility.AccessibilityRecordCompatIcs;1;1.0
android.support.v4.view.accessibility.AccessibilityRecordCompat.setRemovedCount(int, java.lang.Object);android.support.v4.view.accessibility.AccessibilityRecordCompatIcs;1;1.0
android.support.v4.view.accessibility.AccessibilityRecordCompat.setScrollX(int, java.lang.Object);android.support.v4.view.accessibility.AccessibilityRecordCompatIcs;1;1.0
android.support.v4.view.accessibility.AccessibilityRecordCompat.setScrollY(int, java.lang.Object);android.support.v4.view.accessibility.AccessibilityRecordCompatIcs;1;1.0
android.support.v4.view.accessibility.AccessibilityRecordCompat.setScrollable(boolean, java.lang.Object);android.support.v4.view.accessibility.AccessibilityRecordCompatIcs;1;1.0
android.support.v4.view.accessibility.AccessibilityRecordCompat.setSource(android.support.v4.view.accessibility.View, java.lang.Object);android.support.v4.view.accessibility.AccessibilityRecordCompatIcs;1;1.0
android.support.v4.view.accessibility.AccessibilityRecordCompat.setSource(android.support.v4.view.accessibility.View, int, java.lang.Object);android.support.v4.view.accessibility.AccessibilityRecordCompatJellyBean;1;1.0
android.support.v4.view.accessibility.AccessibilityRecordCompat.setToIndex(int, java.lang.Object);android.support.v4.view.accessibility.AccessibilityRecordCompatIcs;1;1.0
android.support.v4.view.accessibility.AccessibilityEventCompat.appendRecord(android.support.v4.view.accessibility.AccessibilityEvent, java.lang.Object);android.support.v4.view.accessibility.AccessibilityEventCompatIcs;0;1.0
android.support.v4.view.accessibility.AccessibilityEventCompat.getRecord(android.support.v4.view.accessibility.AccessibilityEvent, int);android.support.v4.view.accessibility.AccessibilityEventCompatIcs;0;1.0
android.support.v4.view.accessibility.AccessibilityEventCompat.getRecordCount(android.support.v4.view.accessibility.AccessibilityEvent);android.support.v4.view.accessibility.AccessibilityEventCompatIcs;0;1.0
android.support.v4.accessibilityservice.AccessibilityServiceInfoCompat.getCanRetrieveWindowContent(android.support.v4.accessibilityservice.AccessibilityServiceInfo);android.support.v4.accessibilityservice.AccessibilityServiceInfoCompatIcs;0;1.0
android.support.v4.accessibilityservice.AccessibilityServiceInfoCompat.getDescription(android.support.v4.accessibilityservice.AccessibilityServiceInfo);android.support.v4.accessibilityservice.AccessibilityServiceInfoCompatIcs;0;1.0
android.support.v4.accessibilityservice.AccessibilityServiceInfoCompat.getId(android.support.v4.accessibilityservice.AccessibilityServiceInfo);android.support.v4.accessibilityservice.AccessibilityServiceInfoCompatIcs;0;1.0
android.support.v4.accessibilityservice.AccessibilityServiceInfoCompat.getResolveInfo(android.support.v4.accessibilityservice.AccessibilityServiceInfo);android.support.v4.accessibilityservice.AccessibilityServiceInfoCompatIcs;0;1.0
android.support.v4.accessibilityservice.AccessibilityServiceInfoCompat.getSettingsActivityName(android.support.v4.accessibilityservice.AccessibilityServiceInfo);android.support.v4.accessibilityservice.AccessibilityServiceInfoCompatIcs;0;1.0
