Snapshot;Date;Entity;Code;ChangeType
ad4970dbde278fddcd0d830d33f0ff81725eaa5a;14 May 2006;CLASS;src.test.org.apache.commons.logging.pathable.ChildFirstTestCase;M
ad4970dbde278fddcd0d830d33f0ff81725eaa5a;14 May 2006;CLASS;src.test.org.apache.commons.logging.pathable.ParentFirstTestCase;M
ad4970dbde278fddcd0d830d33f0ff81725eaa5a;14 May 2006;CLASS;src.test.org.apache.commons.logging.tccl.log.TcclDisabledTestCase;M
ad4970dbde278fddcd0d830d33f0ff81725eaa5a;14 May 2006;CLASS;src.test.org.apache.commons.logging.tccl.log.TcclEnabledTestCase;M
ad4970dbde278fddcd0d830d33f0ff81725eaa5a;14 May 2006;CLASS;src.test.org.apache.commons.logging.tccl.logfactory.TcclDisabledTestCase;M
ad4970dbde278fddcd0d830d33f0ff81725eaa5a;14 May 2006;CLASS;src.test.org.apache.commons.logging.tccl.logfactory.TcclEnabledTestCase;M
75688e6a39df6b958d4a0d81f07ea5f0f0f7533d;14 May 2006;CLASS;src.java.org.apache.commons.logging.impl.WeakHashtable;M
29935da25aa55f708b28899ba3a9cb78f7e28e49;14 May 2006;CLASS;src.test.org.apache.commons.logging.servlet.BasicServletTestCase;M
35e8d9a94e7b389b9256396602b1f6aac890fc8e;3 May 2006;CLASS;src.java.org.apache.commons.logging.LogFactory;M
481a7fc7cabca6039a6c89caf362b660923f1479;3 May 2006;CLASS;src.java.org.apache.commons.logging.LogFactory;M
04305e4cc510fa90228c3f188f8836cfe127ba41;3 May 2006;CLASS;src.java.org.apache.commons.logging.LogFactory;M
96854d71f617fae9ea0fdb801bdce0f693f39190;3 May 2006;CLASS;src.java.org.apache.commons.logging.impl.LogFactoryImpl;M
5f4391761d405b3f35ed5df07fc08f24f88cef04;3 May 2006;CLASS;src.java.org.apache.commons.logging.impl.AvalonLogger;M
5f4391761d405b3f35ed5df07fc08f24f88cef04;3 May 2006;CLASS;src.java.org.apache.commons.logging.impl.SimpleLog;M
cd2e8b965722ef5b80ca13f5f7b93dd0478409a9;22 Apr 2006;CLASS;src.test.org.apache.commons.logging.PathableClassLoader;M
f05517ec957741f4fe187bd608a0e90ce1e1e34f;19 Apr 2006;CLASS;src.java.org.apache.commons.logging.impl.LogFactoryImpl;M
a7349b8120020bbdb00365f8caaa3c1469e9998b;19 Apr 2006;CLASS;src.java.org.apache.commons.logging.impl.LogFactoryImpl;M
fea8fb4449bf0597dbf648034346217ef4c29ea4;17 Apr 2006;CLASS;src.java.org.apache.commons.logging.impl.LogFactoryImpl;M
cfb31332a1227690fbd2d0d86cbbb5ed4255b36f;17 Apr 2006;CLASS;src.test.org.apache.commons.logging.config.FirstPriorityConfigTestCase;M
93cd3bf810f5de484bc1263583873dd8d05aa667;16 Apr 2006;CLASS;src.test.org.apache.commons.logging.config.PriorityConfigTestCase;M
f32ae813fcc0f10fa3bc6db3759e4aecb7725977;16 Apr 2006;CLASS;src.test.org.apache.commons.logging.PathableClassLoader;M
21d9e3c157ad96dc065f48d7189eff283f935eb1;16 Apr 2006;CLASS;src.java.org.apache.commons.logging.LogFactory;M
1f32b5576526d1e129b08473166e465a5369157e;16 Apr 2006;CLASS;src.java.org.apache.commons.logging.impl.LogFactoryImpl;M
ef627680ffe5a1b04d21bc60869a9cf06b0103a0;16 Apr 2006;CLASS;src.java.org.apache.commons.logging.LogFactory;M
0ad40253d6ade81422feaac3ae38ce8b16d0dcc9;16 Apr 2006;CLASS;src.test.org.apache.commons.logging.PathableClassLoader;M
76cc63f74cb342927b4d85afb700f1df0342443d;16 Apr 2006;CLASS;src.java.org.apache.commons.logging.LogFactory;M
1c67c2510fce6ab6c0aee6b5b14964cea5186fe4;16 Apr 2006;CLASS;src.java.org.apache.commons.logging.LogFactory;M
3555fbc4368a6e7f4af4ca2734eaa62d8698e3ac;16 Apr 2006;CLASS;src.test.org.apache.commons.logging.config.FirstPriorityConfigTestCase;A
4cebeec80f989e58a7dcf6669ae55e081c826770;16 Apr 2006;CLASS;src.test.org.apache.commons.logging.config.PriorityConfigTestCase;M
77abea9d19bac2a5a214a711ab28781d783b2a21;16 Apr 2006;CLASS;src.test.org.apache.commons.logging.PathableClassLoader;M
dfbafcfb308e49627988324389533f61c9bb4436;7 Mar 2006;CLASS;src.java.org.apache.commons.logging.LogFactory;M
7870118ec94fd7f7be996b630dad30a4193cbc5a;1 Mar 2006;CLASS;src.java.org.apache.commons.logging.LogFactory;M
d6dfbd01eb87fe9bdef649a40ae7e88d0287776b;1 Mar 2006;CLASS;src.java.org.apache.commons.logging.LogFactory;M
497c9ae5f1307a440f7b42b0a332008cedd4060d;1 Mar 2006;CLASS;src.java.org.apache.commons.logging.LogFactory;M
08cd79161b2da8124784e8d7bbf0de46609e4fc8;28 Feb 2006;CLASS;src.java.org.apache.commons.logging.Log;M
eb89dd6405a082b5cff0e6aac718fea7f2de2bbe;28 Feb 2006;CLASS;src.java.org.apache.commons.logging.LogFactory;M
dc5a55762200a967e90be0fb884cb50784f5075d;28 Feb 2006;CLASS;src.java.org.apache.commons.logging.impl.LogFactoryImpl;M
f336788e71ec5cb5a3cf1fe51481649042030371;27 Feb 2006;CLASS;src.test.org.apache.commons.logging.noop.NoOpLogTestCase;M
0806aa367264c4369dc4339960a14efa3bd288c4;27 Feb 2006;CLASS;src.test.org.apache.commons.logging.NoOpLogTestCase;D
0806aa367264c4369dc4339960a14efa3bd288c4;27 Feb 2006;CLASS;src.test.org.apache.commons.logging.noop.NoOpLogTestCase;A
f3a21723bcd3f2d776291515f483dd42a550d98f;27 Feb 2006;CLASS;src.test.org.apache.commons.logging.logkit.StandardTestCase;M
037499be3099510452f81c744c67c2426d1dde07;27 Feb 2006;CLASS;src.test.org.apache.commons.logging.AbstractLogTest;M
d88846ee0674b078ca228821876470746eec2e9a;27 Feb 2006;CLASS;src.test.org.apache.commons.logging.logkit.StandardTestCase;A
bdec71cc5ae0d1b2c070df774f423d2f5a13dfcf;27 Feb 2006;CLASS;src.java.org.apache.commons.logging.impl.LogFactoryImpl;M
a6d1f7c256b618009abc55b26a0958acb7383fa9;22 Feb 2006;CLASS;src.java.org.apache.commons.logging.impl.AvalonLogger;M
bf61edb4c3724b59255cac2101cb432db9035c06;14 Feb 2006;CLASS;src.java.org.apache.commons.logging.impl.LogFactoryImpl;M
b03846809efc46c2b41934a674af2e1ef78def62;12 Feb 2006;CLASS;src.java.org.apache.commons.logging.impl.LogFactoryImpl;M
271a6784d21b59a8d22768889eeda8e451482c61;12 Feb 2006;CLASS;src.java.org.apache.commons.logging.impl.LogFactoryImpl;M
6b8f983f0d5678e2bd7cb9cdbe838c387077f2d2;12 Feb 2006;CLASS;src.java.org.apache.commons.logging.impl.LogFactoryImpl;M
5106722c8219be64bed7ece92d8d666ebb6313c7;12 Feb 2006;CLASS;src.java.org.apache.commons.logging.impl.LogFactoryImpl;M
42488ff8dfb47c8e7bc46a74c44448c75a7dee4a;12 Feb 2006;CLASS;src.java.org.apache.commons.logging.LogFactory;M
c68be0fed37284719405af69ded6bc14ca723694;12 Feb 2006;CLASS;src.java.org.apache.commons.logging.LogFactory;M
c68be0fed37284719405af69ded6bc14ca723694;12 Feb 2006;CLASS;src.java.org.apache.commons.logging.impl.LogFactoryImpl;M
7c807d78c72541c24c592a64df8cb39d71f1a1bc;12 Feb 2006;CLASS;src.java.org.apache.commons.logging.impl.LogFactoryImpl;M
5d1fcf366203d5dfafb4e688557b42572204a268;12 Feb 2006;CLASS;src.java.org.apache.commons.logging.impl.LogFactoryImpl;M
a62f12925fc37131aa2a34fada9261a4f5a6e3fc;12 Feb 2006;CLASS;src.java.org.apache.commons.logging.LogFactory;M
4b315332dba819532c5902c55902ac90890a7cd6;12 Feb 2006;CLASS;src.java.org.apache.commons.logging.LogFactory;M
b765938bfe0021cf042a9725580e0674d2505e14;12 Feb 2006;CLASS;src.java.org.apache.commons.logging.LogFactory;M
6f52ab12b19da87582004453a93cec452cd99f7e;12 Feb 2006;CLASS;src.java.org.apache.commons.logging.impl.LogFactoryImpl;M
5d48ac100811015de43473ac66e70acea4a7dba1;12 Feb 2006;CLASS;src.java.org.apache.commons.logging.LogFactory;M
5d48ac100811015de43473ac66e70acea4a7dba1;12 Feb 2006;CLASS;src.java.org.apache.commons.logging.impl.LogFactoryImpl;M
b86aad5988ca5244395c024fa5dd77f79de288fa;12 Feb 2006;CLASS;src.java.org.apache.commons.logging.LogFactory;M
42266eebbf1a91d62745fb4c98e14990c742de55;12 Feb 2006;CLASS;src.java.org.apache.commons.logging.LogFactory;M
22aaea10a4391bf8d15624d88a8a525ad246c435;12 Feb 2006;CLASS;src.java.org.apache.commons.logging.LogFactory;M
28cbe64b0ef1e361a54ae40242e842b7f0c62ead;12 Feb 2006;CLASS;src.java.org.apache.commons.logging.LogFactory;M
cc01f0f023c608e2bb30c2534fbe20159646b97a;12 Feb 2006;CLASS;src.java.org.apache.commons.logging.impl.LogFactoryImpl;M
d2fcbd4b36f9415cbbf90bda79de0555d942b902;12 Feb 2006;CLASS;src.java.org.apache.commons.logging.LogFactory;M
d1dcf8a3e21efa55c060428adc602f0bd9285ae6;12 Feb 2006;CLASS;src.java.org.apache.commons.logging.impl.LogFactoryImpl;M
621dd503a63fb72556f1698b7dae308c988f3920;12 Feb 2006;CLASS;src.java.org.apache.commons.logging.LogFactory;M
621dd503a63fb72556f1698b7dae308c988f3920;12 Feb 2006;CLASS;src.java.org.apache.commons.logging.impl.LogFactoryImpl;M
51a1fcbddd0d763f8bccddb00627d829d9932546;12 Feb 2006;CLASS;src.java.org.apache.commons.logging.LogFactory;M
796501a41d3929aa07548ccde5c3d69f3e16aadf;11 Feb 2006;CLASS;src.java.org.apache.commons.logging.LogFactory;M
796501a41d3929aa07548ccde5c3d69f3e16aadf;11 Feb 2006;CLASS;src.java.org.apache.commons.logging.impl.LogFactoryImpl;M
df4e6edb4ad898c6ffec0c5ead81192782d48f3a;9 Feb 2006;CLASS;src.java.org.apache.commons.logging.impl.LogFactoryImpl;M
6a015667eb88d3f06d04493f1643366a3252f1ff;8 Feb 2006;CLASS;src.java.org.apache.commons.logging.LogFactory;M
f674577eb807ab8109b6981866bc4142ae177d57;7 Feb 2006;CLASS;src.java.org.apache.commons.logging.impl.LogFactoryImpl;M
f674577eb807ab8109b6981866bc4142ae177d57;7 Feb 2006;CLASS;src.test.org.apache.commons.logging.tccl.BadTCCLTestCase;A
f674577eb807ab8109b6981866bc4142ae177d57;7 Feb 2006;CLASS;src.test.org.apache.commons.logging.tccl.NullTCCLTestCase;A
41863c3cc854624ce97a1555b029c55dd69414c7;7 Feb 2006;CLASS;src.java.org.apache.commons.logging.impl.LogFactoryImpl;M
a48c939fe42039cf03a6e957d3060c7a915565c0;2 Feb 2006;CLASS;src.java.org.apache.commons.logging.LogFactory;M
a48c939fe42039cf03a6e957d3060c7a915565c0;2 Feb 2006;CLASS;src.java.org.apache.commons.logging.impl.LogFactoryImpl;M
230500ea511cf9c6e6ca0f0d6b1c39f6062e116d;25 Jan 2006;CLASS;src.java.org.apache.commons.logging.impl.LogFactoryImpl;M
f8d25b3b924ddbe5b712fa89084100b80583242d;23 Jan 2006;CLASS;src.java.org.apache.commons.logging.impl.ServletContextCleaner;M
a341992b05cd376a9522d61fcd6983f6bc8dbb24;23 Jan 2006;CLASS;src.java.org.apache.commons.logging.impl.WeakHashtable;M
506707c7e2357d873d0f1a139615a25633b6d482;22 Jan 2006;CLASS;src.java.org.apache.commons.logging.LogFactory;M
506707c7e2357d873d0f1a139615a25633b6d482;22 Jan 2006;CLASS;src.java.org.apache.commons.logging.impl.Jdk13LumberjackLogger;M
506707c7e2357d873d0f1a139615a25633b6d482;22 Jan 2006;CLASS;src.java.org.apache.commons.logging.impl.LogFactoryImpl;M
506707c7e2357d873d0f1a139615a25633b6d482;22 Jan 2006;CLASS;src.java.org.apache.commons.logging.impl.ServletContextCleaner;M
506707c7e2357d873d0f1a139615a25633b6d482;22 Jan 2006;CLASS;src.java.org.apache.commons.logging.impl.WeakHashtable;M
80fba3b101a686304539673866237b75cc486d56;21 Jan 2006;CLASS;src.java.org.apache.commons.logging.LogFactory;M
df40010452b279b7cc08b681ce328112bcb05e7c;21 Jan 2006;CLASS;src.java.org.apache.commons.logging.LogFactory;M
bc48278ce3d8cb0fe9b8e79d2c7a4e4a0de11736;20 Jan 2006;CLASS;src.test.org.apache.commons.logging.SimpleLogTestCase;M
9cf2bf6e8596cf4aea6c786e7716154c48f83f7a;20 Jan 2006;CLASS;src.test.org.apache.commons.logging.PathableClassLoader;M
8ba8c0f9efeb02d6990a18a3c05dd8bee8ec461f;20 Jan 2006;CLASS;src.java.org.apache.commons.logging.LogFactory;M
ced5aa9dc78323f57ea6941887be1530664a4d64;20 Jan 2006;CLASS;src.test.org.apache.commons.logging.servlet.BasicServletTestCase;A
0077ddf3cda619897daad626771076a7d26c22bc;20 Jan 2006;CLASS;src.java.org.apache.commons.logging.impl.ServletContextCleaner;M
fe23e42c563b0bb32772dd9cd80876dc17074ea1;20 Jan 2006;CLASS;src.java.org.apache.commons.logging.LogFactory;M
7b26b353f72fb69373ea9a8843e3304239bfb119;20 Jan 2006;CLASS;src.java.org.apache.commons.logging.impl.AvalonLogger;M
468b013d05ba4a7af50aa7900ef181c5ecf774cf;19 Jan 2006;CLASS;src.test.org.apache.commons.logging.pathable.ChildFirstTestCase;M
468b013d05ba4a7af50aa7900ef181c5ecf774cf;19 Jan 2006;CLASS;src.test.org.apache.commons.logging.pathable.ParentFirstTestCase;M
fc9408a84f22b89d2472c6edffcceb992969d4a2;19 Jan 2006;CLASS;src.java.org.apache.commons.logging.impl.Log4J12Logger;D
fc9408a84f22b89d2472c6edffcceb992969d4a2;19 Jan 2006;CLASS;src.java.org.apache.commons.logging.impl.Log4J13Logger;D
fc9408a84f22b89d2472c6edffcceb992969d4a2;19 Jan 2006;CLASS;src.java.org.apache.commons.logging.impl.Log4JLogger;A
fc9408a84f22b89d2472c6edffcceb992969d4a2;19 Jan 2006;CLASS;src.java.org.apache.commons.logging.impl.LogFactoryImpl;M
7fd0e644290c0aec68ea6fb240c71a24f9a95570;19 Jan 2006;CLASS;src.java.org.apache.commons.logging.impl.AvalonLogger;M
209b1f0688f108e94218df896a1481e08f973044;19 Jan 2006;CLASS;src.java.org.apache.commons.logging.impl.Jdk13LumberjackLogger;M
ec82b0f5790aa53033637d5c5cf144143da4fecd;19 Jan 2006;CLASS;src.java.org.apache.commons.logging.impl.Jdk14Logger;M
64a4980cc3e3f41a2d4a3eacf39d29c6b6480cba;19 Jan 2006;CLASS;src.java.org.apache.commons.logging.impl.Log4J12Logger;M
1f391b01cfdb9fb960fa747d7c3fa1f085e7c267;19 Jan 2006;CLASS;src.java.org.apache.commons.logging.impl.Log4J13Logger;M
65b0cc351b10f25c6c4db93ed77385ad9b569b8b;19 Jan 2006;CLASS;src.java.org.apache.commons.logging.impl.LogKitLogger;M
82703af9c84868ac7964cbc4f105355738728e5f;19 Jan 2006;CLASS;src.java.org.apache.commons.logging.impl.SimpleLog;M
de40e38a37480fdbb387d02a63e5993480bb42c0;19 Jan 2006;CLASS;src.java.org.apache.commons.logging.impl.ServletContextCleaner;M
73f2a07e7013d4b66b1a5eead513f7ff9c9b6d36;18 Jan 2006;CLASS;src.java.org.apache.commons.logging.LogFactory;M
19a76b429b473c6b3696a74f7cb0e6535ca53627;18 Jan 2006;CLASS;src.test.org.apache.commons.logging.tccl.TcclDisabledTestCase;D
19a76b429b473c6b3696a74f7cb0e6535ca53627;18 Jan 2006;CLASS;src.test.org.apache.commons.logging.tccl.TcclEnabledTestCase;D
19a76b429b473c6b3696a74f7cb0e6535ca53627;18 Jan 2006;CLASS;src.test.org.apache.commons.logging.tccl.custom.MyLog;A
19a76b429b473c6b3696a74f7cb0e6535ca53627;18 Jan 2006;CLASS;src.test.org.apache.commons.logging.tccl.log.TcclDisabledTestCase;A
19a76b429b473c6b3696a74f7cb0e6535ca53627;18 Jan 2006;CLASS;src.test.org.apache.commons.logging.tccl.log.TcclEnabledTestCase;A
19a76b429b473c6b3696a74f7cb0e6535ca53627;18 Jan 2006;CLASS;src.test.org.apache.commons.logging.tccl.logfactory.TcclDisabledTestCase;A
19a76b429b473c6b3696a74f7cb0e6535ca53627;18 Jan 2006;CLASS;src.test.org.apache.commons.logging.tccl.logfactory.TcclEnabledTestCase;A
1b6895e3c563fafb63c6747ff2634b22066c137d;18 Jan 2006;CLASS;src.java.org.apache.commons.logging.impl.LogFactoryImpl;M
aecdf1ebecb6647333f4e9750adb7e58dba84943;18 Jan 2006;CLASS;src.test.org.apache.commons.logging.LogTestCase;M
aecdf1ebecb6647333f4e9750adb7e58dba84943;18 Jan 2006;CLASS;src.test.org.apache.commons.logging.NoOpLogTestCase;M
aecdf1ebecb6647333f4e9750adb7e58dba84943;18 Jan 2006;CLASS;src.test.org.apache.commons.logging.NullClassLoaderTestCase;M
aecdf1ebecb6647333f4e9750adb7e58dba84943;18 Jan 2006;CLASS;src.test.org.apache.commons.logging.SimpleLogTestCase;M
1a88e2bd50c06744683f45f6ba79ec10a6f2b1ee;18 Jan 2006;CLASS;src.test.org.apache.commons.logging.jdk14.CustomConfigTestCase;M
1a88e2bd50c06744683f45f6ba79ec10a6f2b1ee;18 Jan 2006;CLASS;src.test.org.apache.commons.logging.pathable.ChildFirstTestCase;M
1a88e2bd50c06744683f45f6ba79ec10a6f2b1ee;18 Jan 2006;CLASS;src.test.org.apache.commons.logging.pathable.GeneralTestCase;M
1a88e2bd50c06744683f45f6ba79ec10a6f2b1ee;18 Jan 2006;CLASS;src.test.org.apache.commons.logging.pathable.ParentFirstTestCase;M
1a88e2bd50c06744683f45f6ba79ec10a6f2b1ee;18 Jan 2006;CLASS;src.test.org.apache.commons.logging.simple.CustomConfigTestCase;M
1a88e2bd50c06744683f45f6ba79ec10a6f2b1ee;18 Jan 2006;CLASS;src.test.org.apache.commons.logging.simple.DateTimeCustomConfigTestCase;M
1a88e2bd50c06744683f45f6ba79ec10a6f2b1ee;18 Jan 2006;CLASS;src.test.org.apache.commons.logging.simple.DefaultConfigTestCase;M
d08dc18e1cb84f388459717cb3479154dae1b181;18 Jan 2006;CLASS;src.test.org.apache.commons.logging.log4j.StandardTests;M
d08dc18e1cb84f388459717cb3479154dae1b181;18 Jan 2006;CLASS;src.test.org.apache.commons.logging.log4j.log4j12.ApiClasspathStandardTestCase;M
d08dc18e1cb84f388459717cb3479154dae1b181;18 Jan 2006;CLASS;src.test.org.apache.commons.logging.log4j.log4j12.AppClasspathStandardTestCase;M
d08dc18e1cb84f388459717cb3479154dae1b181;18 Jan 2006;CLASS;src.test.org.apache.commons.logging.log4j.log4j12.ChildClasspathStandardTestCase;M
d08dc18e1cb84f388459717cb3479154dae1b181;18 Jan 2006;CLASS;src.test.org.apache.commons.logging.log4j.log4j12.Log4j12StandardTests;M
d08dc18e1cb84f388459717cb3479154dae1b181;18 Jan 2006;CLASS;src.test.org.apache.commons.logging.log4j.log4j12.ParentClasspathStandardTestCase;M
d08dc18e1cb84f388459717cb3479154dae1b181;18 Jan 2006;CLASS;src.test.org.apache.commons.logging.log4j.log4j12.TestAppender;M
69cc4ff86d50f7512f5e383cf48a37e7ab9fb83c;17 Jan 2006;CLASS;src.test.org.apache.commons.logging.tccl.TcclDisabledTestCase;M
7ff4b00feffda2db6ac2c47b6cba92540cef1d4c;17 Jan 2006;CLASS;src.test.org.apache.commons.logging.tccl.TcclDisabledTestCase;A
7ff4b00feffda2db6ac2c47b6cba92540cef1d4c;17 Jan 2006;CLASS;src.test.org.apache.commons.logging.tccl.TcclEnabledTestCase;A
7ff4b00feffda2db6ac2c47b6cba92540cef1d4c;17 Jan 2006;CLASS;src.test.org.apache.commons.logging.tccl.custom.MyLogFactoryImpl;A
89a0e10f950652858054b777fefa7acc4133806b;17 Jan 2006;CLASS;src.java.org.apache.commons.logging.LogFactory;M
c9a298dd65758f156d11e8370ad3618a61da2a67;17 Jan 2006;CLASS;src.test.org.apache.commons.logging.PathableClassLoader;M
1693599580179b999aa7253926ce6390848ff0b6;17 Jan 2006;CLASS;src.test.org.apache.commons.logging.config.PriorityConfigTestCase;M
9a1ec952ae0e4a6e83cd8c0c61337118d16ea7bf;17 Jan 2006;CLASS;src.test.org.apache.commons.logging.config.PriorityConfigTestCase;A
477165adb11d148a03424219e4374ecd012dac6e;17 Jan 2006;CLASS;src.java.org.apache.commons.logging.LogFactory;M
5f4f76c19cc334bed8eaf322380e876a9834e7d3;17 Jan 2006;CLASS;src.test.org.apache.commons.logging.PathableClassLoader;M
dac6d6bee6e567a560989c3ab420e506ad4d5e60;17 Jan 2006;CLASS;src.test.org.apache.commons.logging.LoadTestCase;M
e934c300304019fe7443c5bbfbc102023c8d94b8;17 Jan 2006;CLASS;src.java.org.apache.commons.logging.LogFactory;M
0137795092fa01f020c517c8b3c4add7e96326a3;1 Jan 2006;CLASS;src.test.org.apache.commons.logging.PathableClassLoader;M
0137795092fa01f020c517c8b3c4add7e96326a3;1 Jan 2006;CLASS;src.test.org.apache.commons.logging.PathableTestSuite;M
2f2b9d43eb27913dd5c079f3a4ea2a6e6b8d2013;11 Dec 2005;CLASS;src.java.org.apache.commons.logging.impl.WeakHashtable;A
2f2b9d43eb27913dd5c079f3a4ea2a6e6b8d2013;11 Dec 2005;CLASS;src.test.org.apache.commons.logging.impl.WeakHashtableTest;A
d215df346dee4137d36b85e16197ee2bab6b2dfa;11 Dec 2005;CLASS;optional.src.java.org.apache.commons.logging.impl.Log4JCategoryLog;D
d215df346dee4137d36b85e16197ee2bab6b2dfa;11 Dec 2005;CLASS;optional.src.java.org.apache.commons.logging.impl.MemoryLog;D
d215df346dee4137d36b85e16197ee2bab6b2dfa;11 Dec 2005;CLASS;optional.src.java.org.apache.commons.logging.impl.WeakHashtable;D
d215df346dee4137d36b85e16197ee2bab6b2dfa;11 Dec 2005;CLASS;optional.src.test.org.apache.commons.logging.IFactoryCreator;D
d215df346dee4137d36b85e16197ee2bab6b2dfa;11 Dec 2005;CLASS;optional.src.test.org.apache.commons.logging.LogFactoryTest;D
d215df346dee4137d36b85e16197ee2bab6b2dfa;11 Dec 2005;CLASS;optional.src.test.org.apache.commons.logging.SubDeploymentClass;D
d215df346dee4137d36b85e16197ee2bab6b2dfa;11 Dec 2005;CLASS;optional.src.test.org.apache.commons.logging.TestAll;D
d215df346dee4137d36b85e16197ee2bab6b2dfa;11 Dec 2005;CLASS;optional.src.test.org.apache.commons.logging.impl.MemoryLogTest;D
d215df346dee4137d36b85e16197ee2bab6b2dfa;11 Dec 2005;CLASS;optional.src.test.org.apache.commons.logging.impl.WeakHashtableTest;D
ae7e0b31575be036c211c93095416bf71bd65a70;11 Dec 2005;CLASS;demonstration.src.java.org.apache.commons.logging.proofofconcept.caller.JCLDemonstrator;D
ae7e0b31575be036c211c93095416bf71bd65a70;11 Dec 2005;CLASS;demonstration.src.java.org.apache.commons.logging.proofofconcept.caller.SomeObject;D
ae7e0b31575be036c211c93095416bf71bd65a70;11 Dec 2005;CLASS;demonstration.src.java.org.apache.commons.logging.proofofconcept.runner.ChildFirstClassLoader;D
ae7e0b31575be036c211c93095416bf71bd65a70;11 Dec 2005;CLASS;demonstration.src.java.org.apache.commons.logging.proofofconcept.runner.ChildFirstRunner;D
ae7e0b31575be036c211c93095416bf71bd65a70;11 Dec 2005;CLASS;demonstration.src.java.org.apache.commons.logging.proofofconcept.runner.ClassLoaderRunner;D
ae7e0b31575be036c211c93095416bf71bd65a70;11 Dec 2005;CLASS;demonstration.src.java.org.apache.commons.logging.proofofconcept.runner.ParentFirstRunner;D
ae7e0b31575be036c211c93095416bf71bd65a70;11 Dec 2005;CLASS;demonstration.src.java.org.apache.commons.logging.proofofconcept.staticlogger.StaticLog4JLogger;D
001f359d58198d774733ebf05184ddb5de8eb187;17 Nov 2005;CLASS;src.java.org.apache.commons.logging.impl.Log4J12Logger;M
8b1398cfa185ba6cbc74c0b9a2081eebd853d48c;21 Jul 2005;CLASS;src.test.org.apache.commons.logging.log4j.log4j12.Log4j12StandardTests;A
b1d6285f152f804bf5df469f9b854edd8cbb3143;21 Jul 2005;CLASS;src.test.org.apache.commons.logging.log4j.StandardTests;M
b1d6285f152f804bf5df469f9b854edd8cbb3143;21 Jul 2005;CLASS;src.test.org.apache.commons.logging.log4j.log4j12.ApiClasspathStandardTestCase;M
b1d6285f152f804bf5df469f9b854edd8cbb3143;21 Jul 2005;CLASS;src.test.org.apache.commons.logging.log4j.log4j12.AppClasspathStandardTestCase;M
b1d6285f152f804bf5df469f9b854edd8cbb3143;21 Jul 2005;CLASS;src.test.org.apache.commons.logging.log4j.log4j12.ChildClasspathStandardTestCase;M
b1d6285f152f804bf5df469f9b854edd8cbb3143;21 Jul 2005;CLASS;src.test.org.apache.commons.logging.log4j.log4j12.ParentClasspathStandardTestCase;M
b1d6285f152f804bf5df469f9b854edd8cbb3143;21 Jul 2005;CLASS;src.test.org.apache.commons.logging.log4j.log4j12.TestHelper;D
697b414639ff1fd38e4720ba386eb7d0f91b9ce5;8 Jul 2005;CLASS;src.test.org.apache.commons.logging.log4j.StandardTests;M
697b414639ff1fd38e4720ba386eb7d0f91b9ce5;8 Jul 2005;CLASS;src.test.org.apache.commons.logging.log4j.TestAppender;D
697b414639ff1fd38e4720ba386eb7d0f91b9ce5;8 Jul 2005;CLASS;src.test.org.apache.commons.logging.log4j.log4j12.ApiClasspathStandardTestCase;M
697b414639ff1fd38e4720ba386eb7d0f91b9ce5;8 Jul 2005;CLASS;src.test.org.apache.commons.logging.log4j.log4j12.AppClasspathStandardTestCase;M
697b414639ff1fd38e4720ba386eb7d0f91b9ce5;8 Jul 2005;CLASS;src.test.org.apache.commons.logging.log4j.log4j12.ChildClasspathStandardTestCase;M
697b414639ff1fd38e4720ba386eb7d0f91b9ce5;8 Jul 2005;CLASS;src.test.org.apache.commons.logging.log4j.log4j12.ParentClasspathStandardTestCase;M
697b414639ff1fd38e4720ba386eb7d0f91b9ce5;8 Jul 2005;CLASS;src.test.org.apache.commons.logging.log4j.log4j12.TestAppender;A
697b414639ff1fd38e4720ba386eb7d0f91b9ce5;8 Jul 2005;CLASS;src.test.org.apache.commons.logging.log4j.log4j12.TestHelper;A
a9958f04f8d9d1a423770509a808e73cb211155a;8 Jul 2005;CLASS;src.test.org.apache.commons.logging.log4j.CustomConfigAPITestCase;D
a9958f04f8d9d1a423770509a808e73cb211155a;8 Jul 2005;CLASS;src.test.org.apache.commons.logging.log4j.CustomConfigFullTestCase;D
a9958f04f8d9d1a423770509a808e73cb211155a;8 Jul 2005;CLASS;src.test.org.apache.commons.logging.log4j.CustomConfigTestCase;D
a9958f04f8d9d1a423770509a808e73cb211155a;8 Jul 2005;CLASS;src.test.org.apache.commons.logging.log4j.DefaultConfigTestCase;D
41c4b1025075216c788c0ad36760dad58877975f;8 Jul 2005;CLASS;src.test.org.apache.commons.logging.log4j.StandardTests;A
41c4b1025075216c788c0ad36760dad58877975f;8 Jul 2005;CLASS;src.test.org.apache.commons.logging.log4j.log4j12.ApiClasspathStandardTestCase;A
41c4b1025075216c788c0ad36760dad58877975f;8 Jul 2005;CLASS;src.test.org.apache.commons.logging.log4j.log4j12.AppClasspathStandardTestCase;A
41c4b1025075216c788c0ad36760dad58877975f;8 Jul 2005;CLASS;src.test.org.apache.commons.logging.log4j.log4j12.ChildClasspathStandardTestCase;A
41c4b1025075216c788c0ad36760dad58877975f;8 Jul 2005;CLASS;src.test.org.apache.commons.logging.log4j.log4j12.ParentClasspathStandardTestCase;A
8831d63879992d084b836c013794990c19511bef;8 Jul 2005;CLASS;src.test.org.apache.commons.logging.log4j.TestAppender;M
9d0c1a74220ea1406ba6fa04342bb0f004364e7f;8 Jul 2005;CLASS;src.test.org.apache.commons.logging.LogTest;D
9d0c1a74220ea1406ba6fa04342bb0f004364e7f;8 Jul 2005;CLASS;src.test.org.apache.commons.logging.LogTestCase;A
4bd1bd70a05931441be721aa4b691abb896cb47b;8 Jul 2005;CLASS;src.test.org.apache.commons.logging.BasicOperationsTest;D
4bd1bd70a05931441be721aa4b691abb896cb47b;8 Jul 2005;CLASS;src.test.org.apache.commons.logging.BasicOperationsTestCase;A
4bd1bd70a05931441be721aa4b691abb896cb47b;8 Jul 2005;CLASS;src.test.org.apache.commons.logging.LoadTest;D
4bd1bd70a05931441be721aa4b691abb896cb47b;8 Jul 2005;CLASS;src.test.org.apache.commons.logging.LoadTestCase;A
4bd1bd70a05931441be721aa4b691abb896cb47b;8 Jul 2005;CLASS;src.test.org.apache.commons.logging.NoOpLogTest;D
4bd1bd70a05931441be721aa4b691abb896cb47b;8 Jul 2005;CLASS;src.test.org.apache.commons.logging.NoOpLogTestCase;A
4bd1bd70a05931441be721aa4b691abb896cb47b;8 Jul 2005;CLASS;src.test.org.apache.commons.logging.NullClassLoaderTest;D
4bd1bd70a05931441be721aa4b691abb896cb47b;8 Jul 2005;CLASS;src.test.org.apache.commons.logging.NullClassLoaderTestCase;A
4bd1bd70a05931441be721aa4b691abb896cb47b;8 Jul 2005;CLASS;src.test.org.apache.commons.logging.SimpleLogTest;D
4bd1bd70a05931441be721aa4b691abb896cb47b;8 Jul 2005;CLASS;src.test.org.apache.commons.logging.SimpleLogTestCase;A
4bd1bd70a05931441be721aa4b691abb896cb47b;8 Jul 2005;CLASS;src.test.org.apache.commons.logging.TestAll;D
4bd1bd70a05931441be721aa4b691abb896cb47b;8 Jul 2005;CLASS;src.test.org.apache.commons.logging.UserClass;M
4bd1bd70a05931441be721aa4b691abb896cb47b;8 Jul 2005;CLASS;src.test.org.apache.commons.logging.Wrapper;D
d163dc0a8f0f5b02928f65c57812ff382e1c50c5;7 Jul 2005;CLASS;src.test.org.apache.commons.logging.pathable.ParentFirstTestCase;M
dfc008fc825f2ea240ee50edae1cc789a50dafc2;7 Jul 2005;CLASS;src.test.org.apache.commons.logging.pathable.ChildFirstTestCase;M
3083b9a3343b3d4019e627cbde7e28206b8f0ec6;7 Jul 2005;CLASS;src.test.org.apache.commons.logging.PathableClassLoader;M
3083b9a3343b3d4019e627cbde7e28206b8f0ec6;7 Jul 2005;CLASS;src.test.org.apache.commons.logging.pathable.ChildFirstTestCase;M
4c8d747d37b9644847ea3700582abbc57bc91d9c;6 Jul 2005;CLASS;src.test.org.apache.commons.logging.simple.CustomConfigTestCase;M
4c8d747d37b9644847ea3700582abbc57bc91d9c;6 Jul 2005;CLASS;src.test.org.apache.commons.logging.simple.DateTimeCustomConfigTestCase;M
4c8d747d37b9644847ea3700582abbc57bc91d9c;6 Jul 2005;CLASS;src.test.org.apache.commons.logging.simple.DefaultConfigTestCase;M
2649aa8c6d2ded7b0ba1b0c5fde6605c8fde92ca;6 Jul 2005;CLASS;src.test.org.apache.commons.logging.simple.CustomConfigTestCase;M
35b1d6c80ebb1e4bf364745ded238fa1a5b4409f;6 Jul 2005;CLASS;src.test.org.apache.commons.logging.simple.DefaultConfigTestCase;M
b808fe4666039b282787ca76852e97c276218316;6 Jul 2005;CLASS;src.java.org.apache.commons.logging.LogFactory;M
02ee1e908669c32d3b271997f0d1e4afdf0f560a;6 Jul 2005;CLASS;src.test.org.apache.commons.logging.BadHashtablePropertyTest;D
02ee1e908669c32d3b271997f0d1e4afdf0f560a;6 Jul 2005;CLASS;src.test.org.apache.commons.logging.BadHashtablePropertyTestCase;A
6ceb7c0ab3b50892d54a7e37cd9b636227279931;6 Jul 2005;CLASS;src.test.org.apache.commons.logging.AltHashtableTestCase;M
ac38503d3bec181b398e5df9433c1fd3bb6f46ff;6 Jul 2005;CLASS;src.test.org.apache.commons.logging.PathableTestSuite;M
b69deb90ddf58273d70feb5fc74bb7158baf6d48;6 Jul 2005;CLASS;src.test.org.apache.commons.logging.pathable.ChildFirstTestCase;M
b69deb90ddf58273d70feb5fc74bb7158baf6d48;6 Jul 2005;CLASS;src.test.org.apache.commons.logging.pathable.GeneralTestCase;M
b69deb90ddf58273d70feb5fc74bb7158baf6d48;6 Jul 2005;CLASS;src.test.org.apache.commons.logging.pathable.ParentFirstTestCase;M
c542c21c2905cb3036213c1b3dcc4651353f265c;6 Jul 2005;CLASS;src.test.org.apache.commons.logging.pathable.GeneralTestCase;A
4a0c89295784aebf94cc807df7577eedff8235f2;6 Jul 2005;CLASS;src.test.org.apache.commons.logging.PathableTestSuite;M
1996c5af1b9cf2a8c44a693cf1588a423764a392;6 Jul 2005;CLASS;src.test.org.apache.commons.logging.AltHashtableTest;D
1996c5af1b9cf2a8c44a693cf1588a423764a392;6 Jul 2005;CLASS;src.test.org.apache.commons.logging.AltHashtableTestCase;A
1ac4b57165218f1f987be115bddda1e4d765d3ab;6 Jul 2005;CLASS;src.test.org.apache.commons.logging.avalon.AvalonLoggerTest;D
1ac4b57165218f1f987be115bddda1e4d765d3ab;6 Jul 2005;CLASS;src.test.org.apache.commons.logging.avalon.AvalonLoggerTestCase;A
85836bd32eb57b242bf9d83ffbc3246c1bcd86c0;6 Jul 2005;CLASS;src.test.org.apache.commons.logging.AbstractLogTest;M
85836bd32eb57b242bf9d83ffbc3246c1bcd86c0;6 Jul 2005;CLASS;src.test.org.apache.commons.logging.LogTest;M
85836bd32eb57b242bf9d83ffbc3246c1bcd86c0;6 Jul 2005;CLASS;src.test.org.apache.commons.logging.NoOpLogTest;M
85836bd32eb57b242bf9d83ffbc3246c1bcd86c0;6 Jul 2005;CLASS;src.test.org.apache.commons.logging.SimpleLogTest;M
ec7eab015013c8d990bb30ee578c3bbfc59bb7aa;5 Jul 2005;CLASS;src.test.org.apache.commons.logging.pathable.ChildFirstTestCase;A
ab117df3c7dc8b4ca206ea99e6ac2a65ae4edd3a;5 Jul 2005;CLASS;src.test.org.apache.commons.logging.PathableClassLoader;M
b1f4809445530ef08157cd52bd6b0831e28548ba;5 Jul 2005;CLASS;src.test.org.apache.commons.logging.pathable.PathableTestCase;D
773fe5af3c02f83ca99eff9f918c34ea9eb04344;5 Jul 2005;CLASS;src.test.org.apache.commons.logging.pathable.ParentFirstTestCase;A
184e3781efac29ec58c78d28b1c57b53500b88b6;5 Jul 2005;CLASS;src.test.org.apache.commons.logging.LoadTest;M
184e3781efac29ec58c78d28b1c57b53500b88b6;5 Jul 2005;CLASS;src.test.org.apache.commons.logging.PathableTestSuite;M
27d23865983d688d6ef125ebdf742ab34d701a7f;5 Jul 2005;CLASS;src.test.org.apache.commons.logging.pathable.PathableTestCase;M
14cd0d8326a428b50995898b36871bb39e6d5099;30 Jun 2005;CLASS;src.test.org.apache.commons.logging.PathableClassLoader;M
14cd0d8326a428b50995898b36871bb39e6d5099;30 Jun 2005;CLASS;src.test.org.apache.commons.logging.PathableTestSuite;M
9b59c323f69be8579bc995e36ff45f3210db5c3e;30 Jun 2005;CLASS;src.test.org.apache.commons.logging.PathableClassLoader;A
9b59c323f69be8579bc995e36ff45f3210db5c3e;30 Jun 2005;CLASS;src.test.org.apache.commons.logging.PathableTestSuite;A
9b59c323f69be8579bc995e36ff45f3210db5c3e;30 Jun 2005;CLASS;src.test.org.apache.commons.logging.jdk14.CustomConfigAPITestCase;A
9b59c323f69be8579bc995e36ff45f3210db5c3e;30 Jun 2005;CLASS;src.test.org.apache.commons.logging.jdk14.CustomConfigFullTestCase;A
9b59c323f69be8579bc995e36ff45f3210db5c3e;30 Jun 2005;CLASS;src.test.org.apache.commons.logging.jdk14.CustomConfigTestCase;M
9b59c323f69be8579bc995e36ff45f3210db5c3e;30 Jun 2005;CLASS;src.test.org.apache.commons.logging.jdk14.DefaultConfigTestCase;M
9b59c323f69be8579bc995e36ff45f3210db5c3e;30 Jun 2005;CLASS;src.test.org.apache.commons.logging.log4j.CustomConfigAPITestCase;A
9b59c323f69be8579bc995e36ff45f3210db5c3e;30 Jun 2005;CLASS;src.test.org.apache.commons.logging.log4j.CustomConfigFullTestCase;A
9b59c323f69be8579bc995e36ff45f3210db5c3e;30 Jun 2005;CLASS;src.test.org.apache.commons.logging.log4j.CustomConfigTestCase;M
9b59c323f69be8579bc995e36ff45f3210db5c3e;30 Jun 2005;CLASS;src.test.org.apache.commons.logging.log4j.DefaultConfigTestCase;M
9b59c323f69be8579bc995e36ff45f3210db5c3e;30 Jun 2005;CLASS;src.test.org.apache.commons.logging.pathable.PathableTestCase;A
549db6b06922adebd36ffcdc1e71029ca7d78a33;23 Jun 2005;CLASS;src.java.org.apache.commons.logging.impl.Log4J12Logger;A
549db6b06922adebd36ffcdc1e71029ca7d78a33;23 Jun 2005;CLASS;src.java.org.apache.commons.logging.impl.Log4J13Logger;A
549db6b06922adebd36ffcdc1e71029ca7d78a33;23 Jun 2005;CLASS;src.java.org.apache.commons.logging.impl.Log4JLogger;D
549db6b06922adebd36ffcdc1e71029ca7d78a33;23 Jun 2005;CLASS;src.java.org.apache.commons.logging.impl.Log4jFactory;D
549db6b06922adebd36ffcdc1e71029ca7d78a33;23 Jun 2005;CLASS;src.java.org.apache.commons.logging.impl.LogFactoryImpl;M
549db6b06922adebd36ffcdc1e71029ca7d78a33;23 Jun 2005;CLASS;src.test.org.apache.commons.logging.log4j.CustomConfigTestCase;M
549db6b06922adebd36ffcdc1e71029ca7d78a33;23 Jun 2005;CLASS;src.test.org.apache.commons.logging.log4j.DefaultConfigTestCase;M
60c7478968df314fd2568255e117e72f7372cf72;21 Jun 2005;CLASS;src.java.org.apache.commons.logging.impl.LogFactoryImpl;M
330e17e0edaf4e8d2b0698348c20a076736ca856;21 Jun 2005;CLASS;src.test.org.apache.commons.logging.Wrapper;M
0f272fa20947d6836e73ce0fe86e71f7ffe71c0b;20 Jun 2005;CLASS;src.java.org.apache.commons.logging.impl.LogFactoryImpl;M
e2a17e8fb803445fbdee76b22c4401f48c464e2c;17 Jun 2005;CLASS;src.java.org.apache.commons.logging.impl.LogFactoryImpl;M
fe9bc1bc5f3e9387d3578c214787c5824ead1d1d;16 Jun 2005;CLASS;src.java.org.apache.commons.logging.impl.ServletContextCleaner;A
9ecd27bf489ed812919d292260ec32c8cf46a705;14 Jun 2005;CLASS;src.java.org.apache.commons.logging.impl.LogFactoryImpl;M
b35e8d3b53afadf34ce6bcbb64f933811d050701;14 Jun 2005;CLASS;src.java.org.apache.commons.logging.impl.LogFactoryImpl;M
a3f8e5302a312d1e103366d480783c544eb0b870;14 Jun 2005;CLASS;src.java.org.apache.commons.logging.impl.LogFactoryImpl;M
a3f8e5302a312d1e103366d480783c544eb0b870;14 Jun 2005;CLASS;src.test.org.apache.commons.logging.LoadTest;M
a3f8e5302a312d1e103366d480783c544eb0b870;14 Jun 2005;CLASS;src.test.org.apache.commons.logging.NullClassLoaderTest;M
a3f8e5302a312d1e103366d480783c544eb0b870;14 Jun 2005;CLASS;src.test.org.apache.commons.logging.UserClass;M
ca0188c41e5fe63117adae957e58ea06cef2a034;6 Jun 2005;CLASS;src.java.org.apache.commons.logging.impl.LogFactoryImpl;M
d7f774a5bbab33b9fd9128632b75e074e5f4d43c;2 Jun 2005;CLASS;src.java.org.apache.commons.logging.impl.LogFactoryImpl;M
17c6d98369a44ee7724b1e5821d69e73c637d132;2 Jun 2005;CLASS;src.java.org.apache.commons.logging.impl.LogFactoryImpl;M
eb93a324e4a38f016e157499ec5826b887594748;2 Jun 2005;CLASS;src.test.org.apache.commons.logging.LoadTest;M
eb93a324e4a38f016e157499ec5826b887594748;2 Jun 2005;CLASS;src.test.org.apache.commons.logging.TestAll;M
ac7a0f8505fe64340f3deeb24a5dc713549494f4;2 Jun 2005;CLASS;src.java.org.apache.commons.logging.impl.LogFactoryImpl;M
5c06195efb1b70db28297fa1a3b632e62996a296;2 Jun 2005;CLASS;src.java.org.apache.commons.logging.impl.Jdk13LumberjackLogger;M
5c06195efb1b70db28297fa1a3b632e62996a296;2 Jun 2005;CLASS;src.java.org.apache.commons.logging.impl.Jdk14Logger;M
15956fee8248c4b2d8dacd1d088cfa20eb6f43e9;2 Jun 2005;CLASS;src.java.org.apache.commons.logging.impl.LogFactoryImpl;M
195ac37a76e7008fcdbd88ecf465a5063af73dbd;23 May 2005;CLASS;src.test.org.apache.commons.logging.jdk14.CustomConfigTestCase;M
75c8135c033bec0ef13e67b519366f16abd36b8e;23 May 2005;CLASS;src.java.org.apache.commons.logging.LogFactory;M
75c8135c033bec0ef13e67b519366f16abd36b8e;23 May 2005;CLASS;src.java.org.apache.commons.logging.impl.LogFactoryImpl;M
75c8135c033bec0ef13e67b519366f16abd36b8e;23 May 2005;CLASS;src.java.org.apache.commons.logging.impl.SimpleLog;M
110f2a234b9d651996946b1ce79b514c7c4e8348;22 May 2005;CLASS;src.java.org.apache.commons.logging.impl.LogFactoryImpl;M
c485c20b1eb33e2f3bf190a57f6fb240c2d8a643;22 May 2005;CLASS;src.java.org.apache.commons.logging.LogFactory;M
cbfc01a0ab940b6e21f4e2b4559b707059ace140;19 May 2005;CLASS;demonstration.src.java.org.apache.commons.logging.proofofconcept.runner.ClassLoaderRunner;M
c1f16b5d2a81d37b5a8dc0c9a195bb76761998d1;17 May 2005;CLASS;src.java.org.apache.commons.logging.impl.LogFactoryImpl;M
e985f2a0516013d9624202e2c399badce8f8261f;17 May 2005;CLASS;src.java.org.apache.commons.logging.LogFactory;M
851f7c5f3352e0977346f69df0762bcab7bfb7d8;16 May 2005;CLASS;src.java.org.apache.commons.logging.LogFactory;M
3200e8aa2e580978117b114f2cd3766d9d0351da;10 May 2005;CLASS;src.test.org.apache.commons.logging.NullClassLoaderTest;A
3200e8aa2e580978117b114f2cd3766d9d0351da;10 May 2005;CLASS;src.test.org.apache.commons.logging.TestAll;M
7839295a8ea19bee13369e2df17acdcf9e531ebf;10 May 2005;CLASS;src.java.org.apache.commons.logging.LogFactory;M
2aa2ad57f608985c41773dd2e098d52982d28bc6;26 Mar 2005;CLASS;demonstration.src.java.org.apache.commons.logging.proofofconcept.caller.JCLDemonstrator;A
2aa2ad57f608985c41773dd2e098d52982d28bc6;26 Mar 2005;CLASS;demonstration.src.java.org.apache.commons.logging.proofofconcept.caller.SomeObject;A
2aa2ad57f608985c41773dd2e098d52982d28bc6;26 Mar 2005;CLASS;demonstration.src.java.org.apache.commons.logging.proofofconcept.runner.ChildFirstClassLoader;A
2aa2ad57f608985c41773dd2e098d52982d28bc6;26 Mar 2005;CLASS;demonstration.src.java.org.apache.commons.logging.proofofconcept.runner.ChildFirstRunner;A
2aa2ad57f608985c41773dd2e098d52982d28bc6;26 Mar 2005;CLASS;demonstration.src.java.org.apache.commons.logging.proofofconcept.runner.ClassLoaderRunner;A
2aa2ad57f608985c41773dd2e098d52982d28bc6;26 Mar 2005;CLASS;demonstration.src.java.org.apache.commons.logging.proofofconcept.runner.ParentFirstRunner;A
2aa2ad57f608985c41773dd2e098d52982d28bc6;26 Mar 2005;CLASS;demonstration.src.java.org.apache.commons.logging.proofofconcept.staticlogger.StaticLog4JLogger;A
072144595926600d34719575c266d2dbeafcc24b;10 Mar 2005;CLASS;src.java.org.apache.commons.logging.LogFactory;M
23df003ef1f01cfb8ba4295c04c5dba9073c7f20;9 Mar 2005;CLASS;optional.src.java.org.apache.commons.logging.impl.WeakHashtable;M
b56a58e5de9000229fafd815115a918c30bc44db;26 Feb 2005;CLASS;optional.src.java.org.apache.commons.logging.impl.MemoryLog;M
b56a58e5de9000229fafd815115a918c30bc44db;26 Feb 2005;CLASS;optional.src.test.org.apache.commons.logging.TestAll;M
b56a58e5de9000229fafd815115a918c30bc44db;26 Feb 2005;CLASS;src.java.org.apache.commons.logging.Log;M
b56a58e5de9000229fafd815115a918c30bc44db;26 Feb 2005;CLASS;src.java.org.apache.commons.logging.LogConfigurationException;M
b56a58e5de9000229fafd815115a918c30bc44db;26 Feb 2005;CLASS;src.java.org.apache.commons.logging.LogFactory;M
b56a58e5de9000229fafd815115a918c30bc44db;26 Feb 2005;CLASS;src.java.org.apache.commons.logging.LogSource;M
b56a58e5de9000229fafd815115a918c30bc44db;26 Feb 2005;CLASS;src.java.org.apache.commons.logging.impl.AvalonLogger;M
b56a58e5de9000229fafd815115a918c30bc44db;26 Feb 2005;CLASS;src.java.org.apache.commons.logging.impl.Jdk13LumberjackLogger;M
b56a58e5de9000229fafd815115a918c30bc44db;26 Feb 2005;CLASS;src.java.org.apache.commons.logging.impl.Jdk14Logger;M
b56a58e5de9000229fafd815115a918c30bc44db;26 Feb 2005;CLASS;src.java.org.apache.commons.logging.impl.Log4JLogger;M
b56a58e5de9000229fafd815115a918c30bc44db;26 Feb 2005;CLASS;src.java.org.apache.commons.logging.impl.LogFactoryImpl;M
b56a58e5de9000229fafd815115a918c30bc44db;26 Feb 2005;CLASS;src.java.org.apache.commons.logging.impl.LogKitLogger;M
b56a58e5de9000229fafd815115a918c30bc44db;26 Feb 2005;CLASS;src.java.org.apache.commons.logging.impl.NoOpLog;M
b56a58e5de9000229fafd815115a918c30bc44db;26 Feb 2005;CLASS;src.java.org.apache.commons.logging.impl.SimpleLog;M
b56a58e5de9000229fafd815115a918c30bc44db;26 Feb 2005;CLASS;src.test.org.apache.commons.logging.AbstractLogTest;M
b56a58e5de9000229fafd815115a918c30bc44db;26 Feb 2005;CLASS;src.test.org.apache.commons.logging.LoadTest;M
b56a58e5de9000229fafd815115a918c30bc44db;26 Feb 2005;CLASS;src.test.org.apache.commons.logging.TestAll;M
b56a58e5de9000229fafd815115a918c30bc44db;26 Feb 2005;CLASS;src.test.org.apache.commons.logging.Wrapper;M
b56a58e5de9000229fafd815115a918c30bc44db;26 Feb 2005;CLASS;src.test.org.apache.commons.logging.avalon.AvalonLoggerTest;M
b56a58e5de9000229fafd815115a918c30bc44db;26 Feb 2005;CLASS;src.test.org.apache.commons.logging.jdk14.CustomConfigTestCase;M
b56a58e5de9000229fafd815115a918c30bc44db;26 Feb 2005;CLASS;src.test.org.apache.commons.logging.jdk14.DefaultConfigTestCase;M
b56a58e5de9000229fafd815115a918c30bc44db;26 Feb 2005;CLASS;src.test.org.apache.commons.logging.jdk14.TestHandler;M
b56a58e5de9000229fafd815115a918c30bc44db;26 Feb 2005;CLASS;src.test.org.apache.commons.logging.log4j.CustomConfigTestCase;M
b56a58e5de9000229fafd815115a918c30bc44db;26 Feb 2005;CLASS;src.test.org.apache.commons.logging.log4j.DefaultConfigTestCase;M
b56a58e5de9000229fafd815115a918c30bc44db;26 Feb 2005;CLASS;src.test.org.apache.commons.logging.log4j.TestAppender;M
b56a58e5de9000229fafd815115a918c30bc44db;26 Feb 2005;CLASS;src.test.org.apache.commons.logging.simple.CustomConfigTestCase;M
b56a58e5de9000229fafd815115a918c30bc44db;26 Feb 2005;CLASS;src.test.org.apache.commons.logging.simple.DefaultConfigTestCase;M
d746ff0810b5384ce696eb11318698316481fd93;12 Feb 2005;CLASS;optional.src.java.org.apache.commons.logging.impl.Log4JCategoryLog;A
769564ac452b1dced7f3da06a92240e2bc04b131;12 Feb 2005;CLASS;src.java.org.apache.commons.logging.impl.AvalonLogger;M
f87688012a2e9c34e19209975dab6855d7534143;7 Feb 2005;CLASS;src.java.org.apache.commons.logging.LogFactory;M
e7c56e483f0c964fa574a19b6b7a824b1924e1bc;15 Dec 2004;CLASS;optional.src.java.org.apache.commons.logging.impl.WeakHashtable;M
b4e92dcb66727a970fde9cdad7e58644a8d6ee6c;25 Nov 2004;CLASS;optional.src.java.org.apache.commons.logging.impl.WeakHashtable;M
00e49fe6cfc0b2edcb0e6d4890436bdf2e5eb441;22 Nov 2004;CLASS;optional.src.test.org.apache.commons.logging.IFactoryCreator;A
00e49fe6cfc0b2edcb0e6d4890436bdf2e5eb441;22 Nov 2004;CLASS;optional.src.test.org.apache.commons.logging.LogFactoryTest;M
00e49fe6cfc0b2edcb0e6d4890436bdf2e5eb441;22 Nov 2004;CLASS;optional.src.test.org.apache.commons.logging.SubDeploymentClass;A
a78b72ab6d387ae897227d6adf78167847b13c3b;17 Nov 2004;CLASS;optional.src.java.org.apache.commons.logging.impl.WeakHashtable;M
a78b72ab6d387ae897227d6adf78167847b13c3b;17 Nov 2004;CLASS;optional.src.test.org.apache.commons.logging.LogFactoryTest;M
a78b72ab6d387ae897227d6adf78167847b13c3b;17 Nov 2004;CLASS;optional.src.test.org.apache.commons.logging.impl.WeakHashtableTest;M
00b2ab86bff76efee41f6cfc4f6e7d1fe3eb458b;11 Nov 2004;CLASS;optional.src.java.org.apache.commons.logging.impl.WeakHashtable;M
00b2ab86bff76efee41f6cfc4f6e7d1fe3eb458b;11 Nov 2004;CLASS;optional.src.test.org.apache.commons.logging.impl.WeakHashtableTest;M
c24811762a7f7503bc61d9ef7de9f321caef82ef;11 Nov 2004;CLASS;optional.src.java.org.apache.commons.logging.impl.WeakHashtable;M
c24811762a7f7503bc61d9ef7de9f321caef82ef;11 Nov 2004;CLASS;optional.src.test.org.apache.commons.logging.impl.WeakHashtableTest;M
7a03f06584e4bcdc5d3de779fa1d1ee86aa2ffe4;10 Nov 2004;CLASS;optional.src.java.org.apache.commons.logging.impl.WeakHashtable;A
7a03f06584e4bcdc5d3de779fa1d1ee86aa2ffe4;10 Nov 2004;CLASS;optional.src.test.org.apache.commons.logging.LogFactoryTest;A
7a03f06584e4bcdc5d3de779fa1d1ee86aa2ffe4;10 Nov 2004;CLASS;optional.src.test.org.apache.commons.logging.TestAll;M
7a03f06584e4bcdc5d3de779fa1d1ee86aa2ffe4;10 Nov 2004;CLASS;optional.src.test.org.apache.commons.logging.impl.WeakHashtableTest;A
7a03f06584e4bcdc5d3de779fa1d1ee86aa2ffe4;10 Nov 2004;CLASS;src.java.org.apache.commons.logging.LogFactory;M
7a03f06584e4bcdc5d3de779fa1d1ee86aa2ffe4;10 Nov 2004;CLASS;src.test.org.apache.commons.logging.AltHashtable;A
7a03f06584e4bcdc5d3de779fa1d1ee86aa2ffe4;10 Nov 2004;CLASS;src.test.org.apache.commons.logging.AltHashtableTest;A
7a03f06584e4bcdc5d3de779fa1d1ee86aa2ffe4;10 Nov 2004;CLASS;src.test.org.apache.commons.logging.BadHashtablePropertyTest;A
23e71e6d58575c86bcbefb0b761f6732bb171153;4 Nov 2004;CLASS;optional.src.java.org.apache.commons.logging.impl.MemoryLog;A
23e71e6d58575c86bcbefb0b761f6732bb171153;4 Nov 2004;CLASS;optional.src.test.org.apache.commons.logging.TestAll;A
23e71e6d58575c86bcbefb0b761f6732bb171153;4 Nov 2004;CLASS;optional.src.test.org.apache.commons.logging.impl.MemoryLogTest;A
b30b048bb7b519c116481ec16bb3d589e20baebe;31 Oct 2004;CLASS;src.java.org.apache.commons.logging.impl.LogFactoryImpl;M
697ba5c6487b95902b8e679778af010240d217a8;29 Oct 2004;CLASS;src.java.org.apache.commons.logging.impl.Log4JCategoryLog;D
433ad87cd11a009a21957286f53aaf8765073c10;17 Oct 2004;CLASS;src.java.org.apache.commons.logging.impl.LogFactoryImpl;M
86b1ee0eab4d1bc61ccc526aefe13644c1874032;17 Oct 2004;CLASS;src.java.org.apache.commons.logging.impl.LogFactoryImpl;M
7e6c9ff37753dc52935e2fc193d9f13c325c5377;27 Sep 2004;CLASS;src.java.org.apache.commons.logging.impl.AvalonLogger;M
c61bf4c76d4f834461cb6c7edb8807cf1dd42519;6 Jun 2004;CLASS;src.java.org.apache.commons.logging.Log;M
c61bf4c76d4f834461cb6c7edb8807cf1dd42519;6 Jun 2004;CLASS;src.java.org.apache.commons.logging.LogFactory;M
c61bf4c76d4f834461cb6c7edb8807cf1dd42519;6 Jun 2004;CLASS;src.java.org.apache.commons.logging.impl.Jdk13LumberjackLogger;M
c61bf4c76d4f834461cb6c7edb8807cf1dd42519;6 Jun 2004;CLASS;src.java.org.apache.commons.logging.impl.Jdk14Logger;M
c61bf4c76d4f834461cb6c7edb8807cf1dd42519;6 Jun 2004;CLASS;src.java.org.apache.commons.logging.impl.NoOpLog;M
5e61a0932ea214198c8463c4ec63e49e1920e585;6 Jun 2004;CLASS;src.java.org.apache.commons.logging.impl.SimpleLog;M
aff740f629015f31910307fce730221864a086e7;1 Jun 2004;CLASS;src.java.org.apache.commons.logging.impl.AvalonLogger;M
aff740f629015f31910307fce730221864a086e7;1 Jun 2004;CLASS;src.java.org.apache.commons.logging.impl.LogKitLogger;M
ed0269ef72e5467b73fc93fac56fb5a7e40cf176;30 May 2004;CLASS;src.test.org.apache.commons.logging.simple.CustomConfigTestCase;M
ed0269ef72e5467b73fc93fac56fb5a7e40cf176;30 May 2004;CLASS;src.test.org.apache.commons.logging.simple.DateTimeCustomConfigTestCase;A
ed0269ef72e5467b73fc93fac56fb5a7e40cf176;30 May 2004;CLASS;src.test.org.apache.commons.logging.simple.DecoratedSimpleLog;M
7e7bf1ad60fd6d0e558a35042e542ca40f273975;30 May 2004;CLASS;src.java.org.apache.commons.logging.impl.SimpleLog;M
4d10d0df0c5d55d6b838e2abf2461d076497db2b;29 May 2004;CLASS;src.java.org.apache.commons.logging.impl.SimpleLog;M
4d10d0df0c5d55d6b838e2abf2461d076497db2b;29 May 2004;CLASS;src.test.org.apache.commons.logging.simple.CustomConfigTestCase;M
4d10d0df0c5d55d6b838e2abf2461d076497db2b;29 May 2004;CLASS;src.test.org.apache.commons.logging.simple.DecoratedSimpleLog;M
4d10d0df0c5d55d6b838e2abf2461d076497db2b;29 May 2004;CLASS;src.test.org.apache.commons.logging.simple.DefaultConfigTestCase;M
3a7e975403f0fcaae4a773aa5f38d5ccf7566df1;19 May 2004;CLASS;src.java.org.apache.commons.logging.impl.Log4JLogger;M
d3ebabcd5d35e28921b74787304ebd5f0258b75c;19 May 2004;CLASS;src.test.org.apache.commons.logging.log4j.CustomConfigTestCase;M
444a6b28294ad4b59ff766b34cad8f9b3e4a243c;19 May 2004;CLASS;src.test.org.apache.commons.logging.BasicOperationsTest;A
c69e5fd057e9d3b9debc486d81f9c144f51bf929;6 Mar 2004;CLASS;src.java.org.apache.commons.logging.impl.LogFactoryImpl;M
b7a766054f6d1da595259b0b3c4e5d090d1ec8eb;6 Mar 2004;CLASS;src.java.org.apache.commons.logging.impl.LogFactoryImpl;M
a1b55ec925966a1755e434d4a7ca21abbe7c0d00;1 Mar 2004;CLASS;src.java.org.apache.commons.logging.impl.SimpleLog;M
37c89a6d88e36e5c26836c673a2c96dc923af73a;28 Feb 2004;CLASS;src.java.org.apache.commons.logging.impl.NoOpLog;M
538ee2bd6d71295edd0b65f8b512f30235c29d4d;28 Feb 2004;CLASS;src.java.org.apache.commons.logging.impl.SimpleLog;M
d96e2a0af2078c2611d390f7e85f68b98a128d8f;28 Feb 2004;CLASS;src.java.org.apache.commons.logging.impl.LogFactoryImpl;M
514f66648215c2dd54397f682fd596b646e90e7a;28 Feb 2004;CLASS;src.java.org.apache.commons.logging.Log;M
514f66648215c2dd54397f682fd596b646e90e7a;28 Feb 2004;CLASS;src.java.org.apache.commons.logging.LogConfigurationException;M
514f66648215c2dd54397f682fd596b646e90e7a;28 Feb 2004;CLASS;src.java.org.apache.commons.logging.LogFactory;M
514f66648215c2dd54397f682fd596b646e90e7a;28 Feb 2004;CLASS;src.java.org.apache.commons.logging.LogSource;M
514f66648215c2dd54397f682fd596b646e90e7a;28 Feb 2004;CLASS;src.java.org.apache.commons.logging.impl.AvalonLogger;M
514f66648215c2dd54397f682fd596b646e90e7a;28 Feb 2004;CLASS;src.java.org.apache.commons.logging.impl.Jdk13LumberjackLogger;M
514f66648215c2dd54397f682fd596b646e90e7a;28 Feb 2004;CLASS;src.java.org.apache.commons.logging.impl.Jdk14Logger;M
514f66648215c2dd54397f682fd596b646e90e7a;28 Feb 2004;CLASS;src.java.org.apache.commons.logging.impl.Log4JCategoryLog;M
514f66648215c2dd54397f682fd596b646e90e7a;28 Feb 2004;CLASS;src.java.org.apache.commons.logging.impl.Log4JLogger;M
514f66648215c2dd54397f682fd596b646e90e7a;28 Feb 2004;CLASS;src.java.org.apache.commons.logging.impl.Log4jFactory;M
514f66648215c2dd54397f682fd596b646e90e7a;28 Feb 2004;CLASS;src.java.org.apache.commons.logging.impl.LogFactoryImpl;M
514f66648215c2dd54397f682fd596b646e90e7a;28 Feb 2004;CLASS;src.java.org.apache.commons.logging.impl.LogKitLogger;M
514f66648215c2dd54397f682fd596b646e90e7a;28 Feb 2004;CLASS;src.java.org.apache.commons.logging.impl.NoOpLog;M
514f66648215c2dd54397f682fd596b646e90e7a;28 Feb 2004;CLASS;src.java.org.apache.commons.logging.impl.SimpleLog;M
514f66648215c2dd54397f682fd596b646e90e7a;28 Feb 2004;CLASS;src.test.org.apache.commons.logging.AbstractLogTest;M
514f66648215c2dd54397f682fd596b646e90e7a;28 Feb 2004;CLASS;src.test.org.apache.commons.logging.LoadTest;M
514f66648215c2dd54397f682fd596b646e90e7a;28 Feb 2004;CLASS;src.test.org.apache.commons.logging.LogTest;M
514f66648215c2dd54397f682fd596b646e90e7a;28 Feb 2004;CLASS;src.test.org.apache.commons.logging.NoOpLogTest;M
514f66648215c2dd54397f682fd596b646e90e7a;28 Feb 2004;CLASS;src.test.org.apache.commons.logging.SimpleLogTest;M
514f66648215c2dd54397f682fd596b646e90e7a;28 Feb 2004;CLASS;src.test.org.apache.commons.logging.TestAll;M
514f66648215c2dd54397f682fd596b646e90e7a;28 Feb 2004;CLASS;src.test.org.apache.commons.logging.UserClass;M
514f66648215c2dd54397f682fd596b646e90e7a;28 Feb 2004;CLASS;src.test.org.apache.commons.logging.Wrapper;M
514f66648215c2dd54397f682fd596b646e90e7a;28 Feb 2004;CLASS;src.test.org.apache.commons.logging.avalon.AvalonLoggerTest;M
514f66648215c2dd54397f682fd596b646e90e7a;28 Feb 2004;CLASS;src.test.org.apache.commons.logging.jdk14.CustomConfigTestCase;M
514f66648215c2dd54397f682fd596b646e90e7a;28 Feb 2004;CLASS;src.test.org.apache.commons.logging.jdk14.DefaultConfigTestCase;M
514f66648215c2dd54397f682fd596b646e90e7a;28 Feb 2004;CLASS;src.test.org.apache.commons.logging.jdk14.TestHandler;M
514f66648215c2dd54397f682fd596b646e90e7a;28 Feb 2004;CLASS;src.test.org.apache.commons.logging.log4j.CustomConfigTestCase;M
514f66648215c2dd54397f682fd596b646e90e7a;28 Feb 2004;CLASS;src.test.org.apache.commons.logging.log4j.DefaultConfigTestCase;M
514f66648215c2dd54397f682fd596b646e90e7a;28 Feb 2004;CLASS;src.test.org.apache.commons.logging.log4j.TestAppender;M
514f66648215c2dd54397f682fd596b646e90e7a;28 Feb 2004;CLASS;src.test.org.apache.commons.logging.simple.CustomConfigTestCase;M
514f66648215c2dd54397f682fd596b646e90e7a;28 Feb 2004;CLASS;src.test.org.apache.commons.logging.simple.DecoratedSimpleLog;M
514f66648215c2dd54397f682fd596b646e90e7a;28 Feb 2004;CLASS;src.test.org.apache.commons.logging.simple.DefaultConfigTestCase;M
514f66648215c2dd54397f682fd596b646e90e7a;28 Feb 2004;CLASS;src.test.org.apache.commons.logging.simple.LogRecord;M
c83a3e1b5a0e474621df9d16a1e045590c36a3bb;28 Feb 2004;CLASS;src.java.org.apache.commons.logging.Log;M
c83a3e1b5a0e474621df9d16a1e045590c36a3bb;28 Feb 2004;CLASS;src.java.org.apache.commons.logging.LogFactory;M
c83a3e1b5a0e474621df9d16a1e045590c36a3bb;28 Feb 2004;CLASS;src.java.org.apache.commons.logging.LogSource;M
c83a3e1b5a0e474621df9d16a1e045590c36a3bb;28 Feb 2004;CLASS;src.java.org.apache.commons.logging.impl.AvalonLogger;M
c83a3e1b5a0e474621df9d16a1e045590c36a3bb;28 Feb 2004;CLASS;src.java.org.apache.commons.logging.impl.Jdk14Logger;M
c83a3e1b5a0e474621df9d16a1e045590c36a3bb;28 Feb 2004;CLASS;src.java.org.apache.commons.logging.impl.Log4JCategoryLog;M
c83a3e1b5a0e474621df9d16a1e045590c36a3bb;28 Feb 2004;CLASS;src.java.org.apache.commons.logging.impl.Log4JLogger;M
c83a3e1b5a0e474621df9d16a1e045590c36a3bb;28 Feb 2004;CLASS;src.java.org.apache.commons.logging.impl.Log4jFactory;M
c83a3e1b5a0e474621df9d16a1e045590c36a3bb;28 Feb 2004;CLASS;src.java.org.apache.commons.logging.impl.LogFactoryImpl;M
c83a3e1b5a0e474621df9d16a1e045590c36a3bb;28 Feb 2004;CLASS;src.java.org.apache.commons.logging.impl.SimpleLog;M
4d51df78d4e3f618e35037eec46e03d739d84020;9 Oct 2003;CLASS;src.java.org.apache.commons.logging.Log;M
4d51df78d4e3f618e35037eec46e03d739d84020;9 Oct 2003;CLASS;src.java.org.apache.commons.logging.LogConfigurationException;M
4d51df78d4e3f618e35037eec46e03d739d84020;9 Oct 2003;CLASS;src.java.org.apache.commons.logging.LogFactory;M
4d51df78d4e3f618e35037eec46e03d739d84020;9 Oct 2003;CLASS;src.java.org.apache.commons.logging.LogSource;M
4d51df78d4e3f618e35037eec46e03d739d84020;9 Oct 2003;CLASS;src.java.org.apache.commons.logging.impl.AvalonLogger;M
4d51df78d4e3f618e35037eec46e03d739d84020;9 Oct 2003;CLASS;src.java.org.apache.commons.logging.impl.Jdk13LumberjackLogger;M
4d51df78d4e3f618e35037eec46e03d739d84020;9 Oct 2003;CLASS;src.java.org.apache.commons.logging.impl.Jdk14Logger;M
4d51df78d4e3f618e35037eec46e03d739d84020;9 Oct 2003;CLASS;src.java.org.apache.commons.logging.impl.Log4JCategoryLog;M
4d51df78d4e3f618e35037eec46e03d739d84020;9 Oct 2003;CLASS;src.java.org.apache.commons.logging.impl.Log4JLogger;M
4d51df78d4e3f618e35037eec46e03d739d84020;9 Oct 2003;CLASS;src.java.org.apache.commons.logging.impl.Log4jFactory;M
4d51df78d4e3f618e35037eec46e03d739d84020;9 Oct 2003;CLASS;src.java.org.apache.commons.logging.impl.LogFactoryImpl;M
4d51df78d4e3f618e35037eec46e03d739d84020;9 Oct 2003;CLASS;src.java.org.apache.commons.logging.impl.LogKitLogger;M
4d51df78d4e3f618e35037eec46e03d739d84020;9 Oct 2003;CLASS;src.java.org.apache.commons.logging.impl.NoOpLog;M
4d51df78d4e3f618e35037eec46e03d739d84020;9 Oct 2003;CLASS;src.java.org.apache.commons.logging.impl.SimpleLog;M
4d51df78d4e3f618e35037eec46e03d739d84020;9 Oct 2003;CLASS;src.test.org.apache.commons.logging.AbstractLogTest;M
4d51df78d4e3f618e35037eec46e03d739d84020;9 Oct 2003;CLASS;src.test.org.apache.commons.logging.LoadTest;M
4d51df78d4e3f618e35037eec46e03d739d84020;9 Oct 2003;CLASS;src.test.org.apache.commons.logging.LogTest;M
4d51df78d4e3f618e35037eec46e03d739d84020;9 Oct 2003;CLASS;src.test.org.apache.commons.logging.NoOpLogTest;M
4d51df78d4e3f618e35037eec46e03d739d84020;9 Oct 2003;CLASS;src.test.org.apache.commons.logging.SimpleLogTest;M
4d51df78d4e3f618e35037eec46e03d739d84020;9 Oct 2003;CLASS;src.test.org.apache.commons.logging.TestAll;M
4d51df78d4e3f618e35037eec46e03d739d84020;9 Oct 2003;CLASS;src.test.org.apache.commons.logging.UserClass;M
4d51df78d4e3f618e35037eec46e03d739d84020;9 Oct 2003;CLASS;src.test.org.apache.commons.logging.Wrapper;M
4d51df78d4e3f618e35037eec46e03d739d84020;9 Oct 2003;CLASS;src.test.org.apache.commons.logging.avalon.AvalonLoggerTest;M
4d51df78d4e3f618e35037eec46e03d739d84020;9 Oct 2003;CLASS;src.test.org.apache.commons.logging.jdk14.CustomConfigTestCase;M
4d51df78d4e3f618e35037eec46e03d739d84020;9 Oct 2003;CLASS;src.test.org.apache.commons.logging.jdk14.DefaultConfigTestCase;M
4d51df78d4e3f618e35037eec46e03d739d84020;9 Oct 2003;CLASS;src.test.org.apache.commons.logging.jdk14.TestHandler;M
4d51df78d4e3f618e35037eec46e03d739d84020;9 Oct 2003;CLASS;src.test.org.apache.commons.logging.log4j.CustomConfigTestCase;M
4d51df78d4e3f618e35037eec46e03d739d84020;9 Oct 2003;CLASS;src.test.org.apache.commons.logging.log4j.DefaultConfigTestCase;M
4d51df78d4e3f618e35037eec46e03d739d84020;9 Oct 2003;CLASS;src.test.org.apache.commons.logging.log4j.TestAppender;M
4d51df78d4e3f618e35037eec46e03d739d84020;9 Oct 2003;CLASS;src.test.org.apache.commons.logging.simple.CustomConfigTestCase;M
4d51df78d4e3f618e35037eec46e03d739d84020;9 Oct 2003;CLASS;src.test.org.apache.commons.logging.simple.DecoratedSimpleLog;M
4d51df78d4e3f618e35037eec46e03d739d84020;9 Oct 2003;CLASS;src.test.org.apache.commons.logging.simple.DefaultConfigTestCase;M
4d51df78d4e3f618e35037eec46e03d739d84020;9 Oct 2003;CLASS;src.test.org.apache.commons.logging.simple.LogRecord;M
c81ff3807f6f7a95807f91890c6fe80358fc51ed;5 Oct 2003;CLASS;src.java.org.apache.commons.logging.Log;M
c81ff3807f6f7a95807f91890c6fe80358fc51ed;5 Oct 2003;CLASS;src.java.org.apache.commons.logging.LogConfigurationException;M
c81ff3807f6f7a95807f91890c6fe80358fc51ed;5 Oct 2003;CLASS;src.java.org.apache.commons.logging.LogFactory;M
c81ff3807f6f7a95807f91890c6fe80358fc51ed;5 Oct 2003;CLASS;src.java.org.apache.commons.logging.LogSource;M
c81ff3807f6f7a95807f91890c6fe80358fc51ed;5 Oct 2003;CLASS;src.java.org.apache.commons.logging.impl.AvalonLogger;M
c81ff3807f6f7a95807f91890c6fe80358fc51ed;5 Oct 2003;CLASS;src.java.org.apache.commons.logging.impl.Jdk13LumberjackLogger;M
c81ff3807f6f7a95807f91890c6fe80358fc51ed;5 Oct 2003;CLASS;src.java.org.apache.commons.logging.impl.Jdk14Logger;M
c81ff3807f6f7a95807f91890c6fe80358fc51ed;5 Oct 2003;CLASS;src.java.org.apache.commons.logging.impl.Log4JCategoryLog;M
c81ff3807f6f7a95807f91890c6fe80358fc51ed;5 Oct 2003;CLASS;src.java.org.apache.commons.logging.impl.Log4JLogger;M
c81ff3807f6f7a95807f91890c6fe80358fc51ed;5 Oct 2003;CLASS;src.java.org.apache.commons.logging.impl.Log4jFactory;M
c81ff3807f6f7a95807f91890c6fe80358fc51ed;5 Oct 2003;CLASS;src.java.org.apache.commons.logging.impl.LogFactoryImpl;M
c81ff3807f6f7a95807f91890c6fe80358fc51ed;5 Oct 2003;CLASS;src.java.org.apache.commons.logging.impl.LogKitLogger;M
c81ff3807f6f7a95807f91890c6fe80358fc51ed;5 Oct 2003;CLASS;src.java.org.apache.commons.logging.impl.NoOpLog;M
c81ff3807f6f7a95807f91890c6fe80358fc51ed;5 Oct 2003;CLASS;src.java.org.apache.commons.logging.impl.SimpleLog;M
c81ff3807f6f7a95807f91890c6fe80358fc51ed;5 Oct 2003;CLASS;src.test.org.apache.commons.logging.AbstractLogTest;M
c81ff3807f6f7a95807f91890c6fe80358fc51ed;5 Oct 2003;CLASS;src.test.org.apache.commons.logging.LoadTest;M
c81ff3807f6f7a95807f91890c6fe80358fc51ed;5 Oct 2003;CLASS;src.test.org.apache.commons.logging.LogTest;M
c81ff3807f6f7a95807f91890c6fe80358fc51ed;5 Oct 2003;CLASS;src.test.org.apache.commons.logging.NoOpLogTest;M
c81ff3807f6f7a95807f91890c6fe80358fc51ed;5 Oct 2003;CLASS;src.test.org.apache.commons.logging.SimpleLogTest;M
c81ff3807f6f7a95807f91890c6fe80358fc51ed;5 Oct 2003;CLASS;src.test.org.apache.commons.logging.TestAll;M
c81ff3807f6f7a95807f91890c6fe80358fc51ed;5 Oct 2003;CLASS;src.test.org.apache.commons.logging.UserClass;M
c81ff3807f6f7a95807f91890c6fe80358fc51ed;5 Oct 2003;CLASS;src.test.org.apache.commons.logging.Wrapper;M
c81ff3807f6f7a95807f91890c6fe80358fc51ed;5 Oct 2003;CLASS;src.test.org.apache.commons.logging.avalon.AvalonLoggerTest;M
c81ff3807f6f7a95807f91890c6fe80358fc51ed;5 Oct 2003;CLASS;src.test.org.apache.commons.logging.jdk14.CustomConfigTestCase;M
c81ff3807f6f7a95807f91890c6fe80358fc51ed;5 Oct 2003;CLASS;src.test.org.apache.commons.logging.jdk14.DefaultConfigTestCase;M
c81ff3807f6f7a95807f91890c6fe80358fc51ed;5 Oct 2003;CLASS;src.test.org.apache.commons.logging.jdk14.TestHandler;M
c81ff3807f6f7a95807f91890c6fe80358fc51ed;5 Oct 2003;CLASS;src.test.org.apache.commons.logging.log4j.CustomConfigTestCase;M
c81ff3807f6f7a95807f91890c6fe80358fc51ed;5 Oct 2003;CLASS;src.test.org.apache.commons.logging.log4j.DefaultConfigTestCase;M
c81ff3807f6f7a95807f91890c6fe80358fc51ed;5 Oct 2003;CLASS;src.test.org.apache.commons.logging.log4j.TestAppender;M
c81ff3807f6f7a95807f91890c6fe80358fc51ed;5 Oct 2003;CLASS;src.test.org.apache.commons.logging.simple.CustomConfigTestCase;M
c81ff3807f6f7a95807f91890c6fe80358fc51ed;5 Oct 2003;CLASS;src.test.org.apache.commons.logging.simple.DecoratedSimpleLog;M
c81ff3807f6f7a95807f91890c6fe80358fc51ed;5 Oct 2003;CLASS;src.test.org.apache.commons.logging.simple.DefaultConfigTestCase;M
c81ff3807f6f7a95807f91890c6fe80358fc51ed;5 Oct 2003;CLASS;src.test.org.apache.commons.logging.simple.LogRecord;M
2db31c969e58ee56dbb5f3533584e4e7af1dacad;2 Oct 2003;CLASS;src.java.org.apache.commons.logging.impl.Jdk13LumberjackLogger;M
2db31c969e58ee56dbb5f3533584e4e7af1dacad;2 Oct 2003;CLASS;src.java.org.apache.commons.logging.impl.Jdk14Logger;M
2db31c969e58ee56dbb5f3533584e4e7af1dacad;2 Oct 2003;CLASS;src.java.org.apache.commons.logging.impl.Log4JLogger;M
2db31c969e58ee56dbb5f3533584e4e7af1dacad;2 Oct 2003;CLASS;src.java.org.apache.commons.logging.impl.LogKitLogger;M
2db31c969e58ee56dbb5f3533584e4e7af1dacad;2 Oct 2003;CLASS;src.java.org.apache.commons.logging.impl.NoOpLog;M
a4eb04167cd0782b79224819ff6ff9b503a3ff07;16 Aug 2003;CLASS;src.java.org.apache.commons.logging.impl.Jdk13LumberjackLogger;A
a4eb04167cd0782b79224819ff6ff9b503a3ff07;16 Aug 2003;CLASS;src.java.org.apache.commons.logging.impl.LogFactoryImpl;M
e7c2d81417e1a175bf2c42c6b06764b472e343e8;16 Aug 2003;CLASS;src.java.org.apache.commons.logging.impl.AvalonLogger;M
e7c2d81417e1a175bf2c42c6b06764b472e343e8;16 Aug 2003;CLASS;src.java.org.apache.commons.logging.impl.Jdk14Logger;M
e7c2d81417e1a175bf2c42c6b06764b472e343e8;16 Aug 2003;CLASS;src.java.org.apache.commons.logging.impl.Log4JLogger;M
e7c2d81417e1a175bf2c42c6b06764b472e343e8;16 Aug 2003;CLASS;src.java.org.apache.commons.logging.impl.LogKitLogger;M
e7c2d81417e1a175bf2c42c6b06764b472e343e8;16 Aug 2003;CLASS;src.test.org.apache.commons.logging.jdk14.CustomConfigTestCase;M
e7c2d81417e1a175bf2c42c6b06764b472e343e8;16 Aug 2003;CLASS;src.test.org.apache.commons.logging.jdk14.DefaultConfigTestCase;M
e7c2d81417e1a175bf2c42c6b06764b472e343e8;16 Aug 2003;CLASS;src.test.org.apache.commons.logging.log4j.CustomConfigTestCase;M
e7c2d81417e1a175bf2c42c6b06764b472e343e8;16 Aug 2003;CLASS;src.test.org.apache.commons.logging.log4j.DefaultConfigTestCase;M
45c7fb43cbd3c2da25c6f991d1341fa234508a00;16 Aug 2003;CLASS;src.java.org.apache.commons.logging.impl.SimpleLog;M
45c7fb43cbd3c2da25c6f991d1341fa234508a00;16 Aug 2003;CLASS;src.test.org.apache.commons.logging.simple.CustomConfigTestCase;A
45c7fb43cbd3c2da25c6f991d1341fa234508a00;16 Aug 2003;CLASS;src.test.org.apache.commons.logging.simple.DecoratedSimpleLog;A
45c7fb43cbd3c2da25c6f991d1341fa234508a00;16 Aug 2003;CLASS;src.test.org.apache.commons.logging.simple.DefaultConfigTestCase;A
45c7fb43cbd3c2da25c6f991d1341fa234508a00;16 Aug 2003;CLASS;src.test.org.apache.commons.logging.simple.LogRecord;A
7e5ed8d7dd7d5128c874d1d5c8481b49bdc6631c;16 Aug 2003;CLASS;src.java.org.apache.commons.logging.impl.AvalonLogger;M
7e5ed8d7dd7d5128c874d1d5c8481b49bdc6631c;16 Aug 2003;CLASS;src.java.org.apache.commons.logging.impl.SimpleLog;M
8ab8f5e09b7f409d12d8572078a39d85e0aba170;18 Jul 2003;CLASS;src.java.org.apache.commons.logging.impl.Log4JCategoryLog;M
8ab8f5e09b7f409d12d8572078a39d85e0aba170;18 Jul 2003;CLASS;src.java.org.apache.commons.logging.impl.Log4JLogger;M
8ab8f5e09b7f409d12d8572078a39d85e0aba170;18 Jul 2003;CLASS;src.java.org.apache.commons.logging.impl.Log4jFactory;M
76e5c8aaf7d13e4f7dc55ec17e1779a450b94881;18 Jul 2003;CLASS;src.test.org.apache.commons.logging.LoadTest;M
76e5c8aaf7d13e4f7dc55ec17e1779a450b94881;18 Jul 2003;CLASS;src.test.org.apache.commons.logging.LogTest;M
76e5c8aaf7d13e4f7dc55ec17e1779a450b94881;18 Jul 2003;CLASS;src.test.org.apache.commons.logging.jdk14.CustomConfigTestCase;M
76e5c8aaf7d13e4f7dc55ec17e1779a450b94881;18 Jul 2003;CLASS;src.test.org.apache.commons.logging.jdk14.DefaultConfigTestCase;M
76e5c8aaf7d13e4f7dc55ec17e1779a450b94881;18 Jul 2003;CLASS;src.test.org.apache.commons.logging.log4j.CustomConfigTestCase;M
76e5c8aaf7d13e4f7dc55ec17e1779a450b94881;18 Jul 2003;CLASS;src.test.org.apache.commons.logging.log4j.DefaultConfigTestCase;M
5ac51cd843876d8aad4ffccd305eae1807528919;15 Jul 2003;CLASS;src.java.org.apache.commons.logging.impl.SimpleLog;M
7539845c43fbfc08e001824f69001cef1556348f;14 May 2003;CLASS;src.java.org.apache.commons.logging.impl.AvalonLogger;M
7539845c43fbfc08e001824f69001cef1556348f;14 May 2003;CLASS;src.test.org.apache.commons.logging.avalon.AvalonLoggerTest;A
3de4f334c83d5a22ceb73baa1a3ebdd6e22a16ba;7 May 2003;CLASS;src.java.org.apache.commons.logging.impl.AvalonLogger;A
d8abaeb2b5dd905b083750a5e97669fd615a3a19;1 May 2003;CLASS;src.java.org.apache.commons.logging.LogConfigurationException;M
d8abaeb2b5dd905b083750a5e97669fd615a3a19;1 May 2003;CLASS;src.java.org.apache.commons.logging.LogFactory;M
d5f08a7710ed026d9c98a4b18b0f5ef96653ef95;10 Apr 2003;CLASS;src.test.org.apache.commons.logging.jdk14.CustomConfigTestCase;M
d5f08a7710ed026d9c98a4b18b0f5ef96653ef95;10 Apr 2003;CLASS;src.test.org.apache.commons.logging.jdk14.DefaultConfigTestCase;M
d5f08a7710ed026d9c98a4b18b0f5ef96653ef95;10 Apr 2003;CLASS;src.test.org.apache.commons.logging.log4j.CustomConfigTestCase;M
d5f08a7710ed026d9c98a4b18b0f5ef96653ef95;10 Apr 2003;CLASS;src.test.org.apache.commons.logging.log4j.DefaultConfigTestCase;M
c2f6f68394621ef48a33da1a23ffdf2280623c73;2 Apr 2003;CLASS;src.java.org.apache.commons.logging.impl.Log4jFactory;M
c2f6f68394621ef48a33da1a23ffdf2280623c73;2 Apr 2003;CLASS;src.java.org.apache.commons.logging.impl.LogFactoryImpl;M
a6ec91bec040fe52dc58bde03227cb30945aaa05;2 Apr 2003;CLASS;src.java.org.apache.commons.logging.impl.Log4JCategoryLog;M
a6ec91bec040fe52dc58bde03227cb30945aaa05;2 Apr 2003;CLASS;src.java.org.apache.commons.logging.impl.Log4JLogger;M
7c71a7d9174a2c80de9b9240683c9759bff0e40a;2 Apr 2003;CLASS;src.test.org.apache.commons.logging.Wrapper;M
7c71a7d9174a2c80de9b9240683c9759bff0e40a;2 Apr 2003;CLASS;src.test.org.apache.commons.logging.log4j.CustomConfigTestCase;M
c12099176f46b8fe17b16fcbe741b111d5a6429c;31 Mar 2003;CLASS;src.java.org.apache.commons.logging.impl.Jdk14Logger;M
27559f2f8cb78c3c89c9ddbc11f074c0b25a3189;30 Mar 2003;CLASS;src.java.org.apache.commons.logging.Log;M
27559f2f8cb78c3c89c9ddbc11f074c0b25a3189;30 Mar 2003;CLASS;src.java.org.apache.commons.logging.LogConfigurationException;M
27559f2f8cb78c3c89c9ddbc11f074c0b25a3189;30 Mar 2003;CLASS;src.java.org.apache.commons.logging.LogFactory;M
27559f2f8cb78c3c89c9ddbc11f074c0b25a3189;30 Mar 2003;CLASS;src.java.org.apache.commons.logging.LogSource;M
27559f2f8cb78c3c89c9ddbc11f074c0b25a3189;30 Mar 2003;CLASS;src.java.org.apache.commons.logging.impl.Jdk14Logger;M
27559f2f8cb78c3c89c9ddbc11f074c0b25a3189;30 Mar 2003;CLASS;src.java.org.apache.commons.logging.impl.Log4JCategoryLog;M
27559f2f8cb78c3c89c9ddbc11f074c0b25a3189;30 Mar 2003;CLASS;src.java.org.apache.commons.logging.impl.Log4JLogger;M
27559f2f8cb78c3c89c9ddbc11f074c0b25a3189;30 Mar 2003;CLASS;src.java.org.apache.commons.logging.impl.Log4jFactory;M
27559f2f8cb78c3c89c9ddbc11f074c0b25a3189;30 Mar 2003;CLASS;src.java.org.apache.commons.logging.impl.LogFactoryImpl;M
27559f2f8cb78c3c89c9ddbc11f074c0b25a3189;30 Mar 2003;CLASS;src.java.org.apache.commons.logging.impl.LogKitLogger;M
27559f2f8cb78c3c89c9ddbc11f074c0b25a3189;30 Mar 2003;CLASS;src.java.org.apache.commons.logging.impl.NoOpLog;M
27559f2f8cb78c3c89c9ddbc11f074c0b25a3189;30 Mar 2003;CLASS;src.java.org.apache.commons.logging.impl.SimpleLog;M
e462bae3aff29900e98d46c161170773e742a20f;30 Mar 2003;CLASS;src.test.org.apache.commons.logging.jdk14.CustomConfigTestCase;M
e462bae3aff29900e98d46c161170773e742a20f;30 Mar 2003;CLASS;src.test.org.apache.commons.logging.log4j.CustomConfigTestCase;A
e462bae3aff29900e98d46c161170773e742a20f;30 Mar 2003;CLASS;src.test.org.apache.commons.logging.log4j.DefaultConfigTestCase;A
e462bae3aff29900e98d46c161170773e742a20f;30 Mar 2003;CLASS;src.test.org.apache.commons.logging.log4j.TestAppender;A
4ed6819dc363d83931d8904d8570f576ead5d4f0;30 Mar 2003;CLASS;src.test.org.apache.commons.logging.Wrapper;A
4ed6819dc363d83931d8904d8570f576ead5d4f0;30 Mar 2003;CLASS;src.test.org.apache.commons.logging.jdk14.CustomConfigTestCase;M
4ed6819dc363d83931d8904d8570f576ead5d4f0;30 Mar 2003;CLASS;src.test.org.apache.commons.logging.jdk14.DefaultConfigTestCase;M
916223fc8d2f15f3165916d1411656c600df3f05;29 Mar 2003;CLASS;src.test.org.apache.commons.logging.jdk14.CustomConfigTestCase;A
916223fc8d2f15f3165916d1411656c600df3f05;29 Mar 2003;CLASS;src.test.org.apache.commons.logging.jdk14.DefaultConfigTestCase;A
916223fc8d2f15f3165916d1411656c600df3f05;29 Mar 2003;CLASS;src.test.org.apache.commons.logging.jdk14.TestHandler;A
64fc246f30ef333e30914bea1395455d02f360c6;29 Mar 2003;CLASS;src.java.org.apache.commons.logging.impl.LogFactoryImpl;M
21932779c854de8aa6b7e1b0c1b2a327f06efa61;1 Mar 2003;CLASS;src.java.org.apache.commons.logging.LogFactory;M
21932779c854de8aa6b7e1b0c1b2a327f06efa61;1 Mar 2003;CLASS;src.java.org.apache.commons.logging.impl.LogFactoryImpl;M
21932779c854de8aa6b7e1b0c1b2a327f06efa61;1 Mar 2003;CLASS;src.test.org.apache.commons.logging.LoadTest;A
21932779c854de8aa6b7e1b0c1b2a327f06efa61;1 Mar 2003;CLASS;src.test.org.apache.commons.logging.UserClass;A
f7faef242681322d01bb781ce44a53bde3ddf7ec;1 Feb 2003;CLASS;src.java.org.apache.commons.logging.impl.LogFactoryImpl;M
9f33f5482d1602e77eb861f08f96f765aac91da9;18 Dec 2002;CLASS;src.java.org.apache.commons.logging.LogFactory;M
27b1f756e3accb86b23983c0a3d26a8b967cfca7;13 Dec 2002;CLASS;src.java.org.apache.commons.logging.LogFactory;M
d256cb00f778c4a27b6aa817c6b02a681bf0c516;13 Dec 2002;CLASS;src.java.org.apache.commons.logging.LogFactory;M
7117827bcb630764f88ae6110d78ca787a596b13;12 Dec 2002;CLASS;src.java.org.apache.commons.logging.LogFactory;M
7117827bcb630764f88ae6110d78ca787a596b13;12 Dec 2002;CLASS;src.java.org.apache.commons.logging.impl.SimpleLog;M
6daa5b943939b08895f64c9f064a83fed7169c96;12 Dec 2002;CLASS;src.java.org.apache.commons.logging.impl.SimpleLog;M
b122313d943636b622fb6d36012effac9d9b1874;12 Dec 2002;CLASS;src.java.org.apache.commons.logging.impl.SimpleLog;M
4e0ad3c8ffa5d7c0abfb6f278c0d28aea4110999;23 Nov 2002;CLASS;src.java.org.apache.commons.logging.impl.Log4JLogger;A
2783ad6bc1fe48157e82925a77c18b9efe9f7188;23 Nov 2002;CLASS;src.java.org.apache.commons.logging.LogSource;M
2783ad6bc1fe48157e82925a77c18b9efe9f7188;23 Nov 2002;CLASS;src.java.org.apache.commons.logging.impl.Log4JCategoryLog;M
2783ad6bc1fe48157e82925a77c18b9efe9f7188;23 Nov 2002;CLASS;src.java.org.apache.commons.logging.impl.Log4jFactory;M
2783ad6bc1fe48157e82925a77c18b9efe9f7188;23 Nov 2002;CLASS;src.java.org.apache.commons.logging.impl.LogFactoryImpl;M
e0be9b7850032def5bfbf9b15506c60ebbcba2fd;23 Nov 2002;CLASS;src.java.org.apache.commons.logging.impl.Log4JCategoryLog;M
03645a6b4af43ab34241598f156359a4c8400377;23 Nov 2002;CLASS;src.java.org.apache.commons.logging.impl.LogFactoryImpl;M
a661c64c6db2f70d93411cbc1e37d5567e4001df;11 Nov 2002;CLASS;src.java.org.apache.commons.logging.impl.LogFactoryImpl;M
41a175c6bdab2b2b938aa7d9a97ab11b341c5e59;19 Oct 2002;CLASS;src.java.org.apache.commons.logging.LogFactory;M
3a5b034cef045f6201cf3c1f786db8985d9c2d47;19 Oct 2002;CLASS;src.java.org.apache.commons.logging.LogFactory;M
3a5b034cef045f6201cf3c1f786db8985d9c2d47;19 Oct 2002;CLASS;src.java.org.apache.commons.logging.impl.LogFactoryImpl;M
f76f188696ba902880115eefb015e2661dcbffa0;19 Oct 2002;CLASS;src.java.org.apache.commons.logging.impl.SimpleLog;M
dfcf03ab415d41a43a89cea819a43032c0cd8b1a;19 Oct 2002;CLASS;src.test.org.apache.commons.logging.AbstractLogTest;M
dfcf03ab415d41a43a89cea819a43032c0cd8b1a;19 Oct 2002;CLASS;src.test.org.apache.commons.logging.LogTest;A
dfcf03ab415d41a43a89cea819a43032c0cd8b1a;19 Oct 2002;CLASS;src.test.org.apache.commons.logging.TestAll;M
a3566a19b72b3866f135bba00d945492070c1d78;18 Oct 2002;CLASS;src.test.org.apache.commons.logging.AbstractLogTest;M
03368dd5824d3e01fd3f6838bc29b8c8c2b90d89;17 Oct 2002;CLASS;src.java.org.apache.commons.logging.LogFactory;M
03368dd5824d3e01fd3f6838bc29b8c8c2b90d89;17 Oct 2002;CLASS;src.test.org.apache.commons.logging.AbstractLogTest;M
8c5d183b401629440ef9562906eb4a78dcc12929;11 Oct 2002;CLASS;src.test.org.apache.commons.logging.AbstractLogTest;M
398e84d1b60886c85546c4c33955febb1cb5b27a;11 Oct 2002;CLASS;src.test.org.apache.commons.logging.TestAll;M
3bd953f430d803f68150d3be74039e9052ea54b1;11 Oct 2002;CLASS;src.test.org.apache.commons.logging.AbstractLogTest;A
3bd953f430d803f68150d3be74039e9052ea54b1;11 Oct 2002;CLASS;src.test.org.apache.commons.logging.NoOpLogTest;A
3bd953f430d803f68150d3be74039e9052ea54b1;11 Oct 2002;CLASS;src.test.org.apache.commons.logging.SimpleLogTest;A
72e4cef37baaf8ce17ad335530f6347f614066f8;27 Sep 2002;CLASS;src.java.org.apache.commons.logging.impl.LogFactoryImpl;M
c53d47efc9e8b1f801642b8175610b4553cb3a72;27 Sep 2002;CLASS;src.java.org.apache.commons.logging.impl.LogFactoryImpl;M
5b662d17101cdb92e47165a6f6f4793fa1a68cf7;30 Aug 2002;CLASS;src.java.org.apache.commons.logging.LogFactory;M
5b662d17101cdb92e47165a6f6f4793fa1a68cf7;30 Aug 2002;CLASS;src.java.org.apache.commons.logging.impl.LogFactoryImpl;M
5c1867cae332885c760ca63c9c33f111992a9fbf;12 Aug 2002;CLASS;src.java.org.apache.commons.logging.LogFactory;M
21e56ae8514c10b005678d08796d2a811742711b;9 Aug 2002;CLASS;src.java.org.apache.commons.logging.impl.LogFactoryImpl;M
75d031c68299bd6795fb132a002a3221e96dbcde;9 Aug 2002;CLASS;src.java.org.apache.commons.logging.LogFactory;M
52ba50f028a60c48705fa9027d3db64aacbc99f5;17 Jul 2002;CLASS;src.java.org.apache.commons.logging.impl.Jdk14Logger;M
52ba50f028a60c48705fa9027d3db64aacbc99f5;17 Jul 2002;CLASS;src.java.org.apache.commons.logging.impl.LogKitLogger;M
d3b8b85e48e9f6744e038d8c0f38a2a54c995399;15 Jun 2002;CLASS;src.java.org.apache.commons.logging.impl.SimpleLog;M
08ee4c68c3608195e5fe128a31ed4456fe8f46c8;15 Jun 2002;CLASS;src.java.org.apache.commons.logging.Log;M
08ee4c68c3608195e5fe128a31ed4456fe8f46c8;15 Jun 2002;CLASS;src.java.org.apache.commons.logging.LogFactory;M
08ee4c68c3608195e5fe128a31ed4456fe8f46c8;15 Jun 2002;CLASS;src.java.org.apache.commons.logging.LogSource;M
08ee4c68c3608195e5fe128a31ed4456fe8f46c8;15 Jun 2002;CLASS;src.java.org.apache.commons.logging.impl.LogFactoryImpl;M
6b15ddfe75266526ef3fec00df317ebcdb926dd2;11 Jun 2002;CLASS;src.java.org.apache.commons.logging.impl.LogFactoryImpl;M
2a26463d6096651dc3a013590ab992844781f93a;11 Jun 2002;CLASS;src.java.org.apache.commons.logging.impl.LogFactoryImpl;M
329f05ee4fcda216ca9c447ac60c1bde664b59bb;11 Jun 2002;CLASS;src.java.org.apache.commons.logging.impl.LogFactoryImpl;M
470f3338d0d72a4fdb1763abafced392dad93814;11 Jun 2002;CLASS;src.java.org.apache.commons.logging.LogFactory;M
b2038dcc68ab4b8b9210bbaf25225f2dddb99db1;7 Jun 2002;CLASS;src.java.org.apache.commons.logging.impl.Log4JCategoryLog;M
d7208355d368f36ff7b22a67f9ffa41ef4083ad3;6 Jun 2002;CLASS;src.java.org.apache.commons.logging.impl.Log4JCategoryLog;M
d7208355d368f36ff7b22a67f9ffa41ef4083ad3;6 Jun 2002;CLASS;src.java.org.apache.commons.logging.impl.LogFactoryImpl;M
b75a58b4af32d6dac716081127479917ec44e6eb;6 May 2002;CLASS;src.java.org.apache.commons.logging.impl.Jdk14Logger;M
b75a58b4af32d6dac716081127479917ec44e6eb;6 May 2002;CLASS;src.java.org.apache.commons.logging.impl.Log4JCategoryLog;M
739f6cecfef4164f8616e5af9ee5c6500d67e296;4 May 2002;CLASS;src.java.org.apache.commons.logging.LogFactory;M
025dc566b9c1ebaf6865f696fbf5722795e17a8a;29 Apr 2002;CLASS;src.java.org.apache.commons.logging.impl.Jdk14Logger;M
6bafa3f510244a705262435f5e75ab40c679f480;31 Mar 2002;CLASS;src.java.org.apache.commons.logging.impl.LogFactoryImpl;M
4487056de866b632584e5391deb168de6485d5a7;15 Mar 2002;CLASS;src.java.org.apache.commons.logging.LogFactory;M
27347eec03dea89754b1913c242a869c1d02c295;7 Mar 2002;CLASS;src.java.org.apache.commons.logging.impl.Log4JCategoryLog;M
740d07813717d11dcfb6116d30de93a26ca2a25e;4 Mar 2002;CLASS;src.java.org.apache.commons.logging.LogSource;M
5f390b02fce831b0ad1a111ee21fdba3d666f8ef;27 Feb 2002;CLASS;src.java.org.apache.commons.logging.impl.LogFactoryImpl;M
078804d827999c1903f5ae2f77c10d41e907c4a3;26 Feb 2002;CLASS;src.java.org.apache.commons.logging.LogFactory;M
078804d827999c1903f5ae2f77c10d41e907c4a3;26 Feb 2002;CLASS;src.java.org.apache.commons.logging.impl.LogFactoryImpl;M
18a4e8fa3383ec248545baafd6917fbd92110404;26 Feb 2002;CLASS;src.java.org.apache.commons.logging.impl.SimpleLog;M
accadb23ed940c12f17b08af7455ed39dcd2eb2c;15 Feb 2002;CLASS;src.java.org.apache.commons.logging.impl.SimpleLog;M
f7489ad021e0386e825a8f6db9d541f5a03ea6b9;15 Feb 2002;CLASS;src.java.org.apache.commons.logging.impl.LogFactoryImpl;M
a42b6b9bd6f9cc05e9984226fc46569bf91623a0;15 Feb 2002;CLASS;src.java.org.apache.commons.logging.impl.Log4JCategoryLog;M
377a98ff3b83b55f22a655283af959d817f42613;15 Feb 2002;CLASS;src.java.org.apache.commons.logging.impl.Log4jFactory;A
6f50fad399a0c3e4698d76cc8f39cd428430609e;14 Feb 2002;CLASS;src.java.org.apache.commons.logging.LogFactory;M
87cfde50b68929ca94e29e64ea138d29123b639f;14 Feb 2002;CLASS;src.java.org.apache.commons.logging.LogFactory;M
87cfde50b68929ca94e29e64ea138d29123b639f;14 Feb 2002;CLASS;src.java.org.apache.commons.logging.impl.LogFactoryImpl;M
6a315e28ed013f7c718eef292f3eade549151a55;14 Feb 2002;CLASS;src.java.org.apache.commons.logging.LogFactory;M
6a315e28ed013f7c718eef292f3eade549151a55;14 Feb 2002;CLASS;src.java.org.apache.commons.logging.LogSource;M
6a315e28ed013f7c718eef292f3eade549151a55;14 Feb 2002;CLASS;src.java.org.apache.commons.logging.impl.LogFactoryImpl;M
753843f2759190cd6a10da24a2e6842ff685e973;13 Feb 2002;CLASS;src.java.org.apache.commons.logging.LogConfigurationException;A
91d58c63675b4b030b6ffb7a940b44dc56fa6eb7;13 Feb 2002;CLASS;src.java.org.apache.commons.logging.LogFactory;A
91d58c63675b4b030b6ffb7a940b44dc56fa6eb7;13 Feb 2002;CLASS;src.java.org.apache.commons.logging.impl.LogFactoryImpl;A
14c7f711e3d44aabc8a66b07daef51f85c966298;3 Feb 2002;CLASS;src.java.org.apache.commons.logging.Jdk14Logger;D
14c7f711e3d44aabc8a66b07daef51f85c966298;3 Feb 2002;CLASS;src.java.org.apache.commons.logging.Log4JCategoryLog;D
14c7f711e3d44aabc8a66b07daef51f85c966298;3 Feb 2002;CLASS;src.java.org.apache.commons.logging.LogKitLogger;D
14c7f711e3d44aabc8a66b07daef51f85c966298;3 Feb 2002;CLASS;src.java.org.apache.commons.logging.NoOpLog;D
14c7f711e3d44aabc8a66b07daef51f85c966298;3 Feb 2002;CLASS;src.java.org.apache.commons.logging.SimpleLog;D
644168defb334e5ade4a87aaa3faa45039ceb187;3 Feb 2002;CLASS;src.java.org.apache.commons.logging.LogSource;M
9a529044cbd5ccc256eb571b976cf7b1d38ec7e4;3 Feb 2002;CLASS;src.java.org.apache.commons.logging.impl.Jdk14Logger;A
9a529044cbd5ccc256eb571b976cf7b1d38ec7e4;3 Feb 2002;CLASS;src.java.org.apache.commons.logging.impl.Log4JCategoryLog;A
9a529044cbd5ccc256eb571b976cf7b1d38ec7e4;3 Feb 2002;CLASS;src.java.org.apache.commons.logging.impl.LogKitLogger;A
9a529044cbd5ccc256eb571b976cf7b1d38ec7e4;3 Feb 2002;CLASS;src.java.org.apache.commons.logging.impl.NoOpLog;A
9a529044cbd5ccc256eb571b976cf7b1d38ec7e4;3 Feb 2002;CLASS;src.java.org.apache.commons.logging.impl.SimpleLog;A
c0cc00947af5de209b30606d03888e21b764287c;3 Feb 2002;CLASS;src.java.org.apache.commons.logging.LogSource;M
84958f29b7f02b7eb3a950d43b2f22fdf3ef880d;31 Jan 2002;CLASS;src.java.org.apache.commons.logging.Jdk14Logger;M
84958f29b7f02b7eb3a950d43b2f22fdf3ef880d;31 Jan 2002;CLASS;src.java.org.apache.commons.logging.Log;M
84958f29b7f02b7eb3a950d43b2f22fdf3ef880d;31 Jan 2002;CLASS;src.java.org.apache.commons.logging.Log4JCategoryLog;M
84958f29b7f02b7eb3a950d43b2f22fdf3ef880d;31 Jan 2002;CLASS;src.java.org.apache.commons.logging.LogKitLogger;M
84958f29b7f02b7eb3a950d43b2f22fdf3ef880d;31 Jan 2002;CLASS;src.java.org.apache.commons.logging.NoOpLog;M
84958f29b7f02b7eb3a950d43b2f22fdf3ef880d;31 Jan 2002;CLASS;src.java.org.apache.commons.logging.SimpleLog;M
ed81b5ffecb7493ed1db1ea23915b9186ac19035;30 Jan 2002;CLASS;src.java.org.apache.commons.logging.Jdk14Logger;M
50aeb810bf52829a974786de45e97882c1f75182;29 Jan 2002;CLASS;src.java.org.apache.commons.logging.Jdk14Logger;M
35be4f47a453faedd637a38861c0aeaf52509142;25 Jan 2002;CLASS;src.java.org.apache.commons.logging.SimpleLog;M
7d2bb88e6c124239cceee74bc33461429cdce281;24 Jan 2002;CLASS;src.java.org.apache.commons.logging.LogKitLogger;M
fec6a9f72bfbbc177db3b3cac9bd2e8301cf9379;24 Jan 2002;CLASS;src.java.org.apache.commons.logging.Log4JCategoryLog;M
731ec59f35ed5f1385290337d2e9205b0adf4d30;23 Jan 2002;CLASS;src.java.org.apache.commons.logging.Log;M
dabce5cf4246963a47525436eb5c4608adb0c6af;21 Jan 2002;CLASS;src.java.org.apache.commons.logging.SimpleLog;M
7d84a88865b7dd04e35a7ea389517596965a0f2b;17 Jan 2002;CLASS;src.java.org.apache.commons.logging.AbstractLog;D
7d84a88865b7dd04e35a7ea389517596965a0f2b;17 Jan 2002;CLASS;src.java.org.apache.commons.logging.Log;M
7d84a88865b7dd04e35a7ea389517596965a0f2b;17 Jan 2002;CLASS;src.java.org.apache.commons.logging.LogSource;M
7d84a88865b7dd04e35a7ea389517596965a0f2b;17 Jan 2002;CLASS;src.java.org.apache.commons.logging.SimpleLog;M
7d84a88865b7dd04e35a7ea389517596965a0f2b;17 Jan 2002;CLASS;src.test.org.apache.commons.logging.TestAll;M
7d84a88865b7dd04e35a7ea389517596965a0f2b;17 Jan 2002;CLASS;src.test.org.apache.commons.logging.TestLog;D
7d84a88865b7dd04e35a7ea389517596965a0f2b;17 Jan 2002;CLASS;src.test.org.apache.commons.logging.TestLogLevels;D
b39b2191aaca021c118fa15ece3e2b322e034729;17 Jan 2002;CLASS;src.java.org.apache.commons.logging.AbstractLog;M
b39b2191aaca021c118fa15ece3e2b322e034729;17 Jan 2002;CLASS;src.java.org.apache.commons.logging.Jdk14Logger;M
b39b2191aaca021c118fa15ece3e2b322e034729;17 Jan 2002;CLASS;src.java.org.apache.commons.logging.Log;M
b39b2191aaca021c118fa15ece3e2b322e034729;17 Jan 2002;CLASS;src.java.org.apache.commons.logging.Log4JCategoryLog;M
b39b2191aaca021c118fa15ece3e2b322e034729;17 Jan 2002;CLASS;src.java.org.apache.commons.logging.LogKitLogger;M
b39b2191aaca021c118fa15ece3e2b322e034729;17 Jan 2002;CLASS;src.java.org.apache.commons.logging.LogSource;M
b39b2191aaca021c118fa15ece3e2b322e034729;17 Jan 2002;CLASS;src.java.org.apache.commons.logging.NoOpLog;M
b39b2191aaca021c118fa15ece3e2b322e034729;17 Jan 2002;CLASS;src.java.org.apache.commons.logging.SimpleLog;M
36652638b4ce4b73ba496e5e7c88379f0ea4c6df;16 Jan 2002;CLASS;src.java.org.apache.commons.logging.LogSource;M
bac9c212f39709f285a47a72ac9dbcf83e6d6976;7 Jan 2002;CLASS;src.java.org.apache.commons.logging.LogKitLogger;A
af62db1c566366526d8ed0e4ba699f3e10252f57;5 Jan 2002;CLASS;src.java.org.apache.commons.logging.Jdk14Logger;A
af62db1c566366526d8ed0e4ba699f3e10252f57;5 Jan 2002;CLASS;src.java.org.apache.commons.logging.LogSource;M
09277f80cbd43cc1e09e9d63ed1ed70ee654903e;5 Jan 2002;CLASS;src.java.org.apache.commons.logging.LogSource;M
fc43c73d7daacf1d01ab5b253df376091015bd5d;3 Jan 2002;CLASS;src.java.org.apache.commons.logging.Log4JCategoryLog;M
fc43c73d7daacf1d01ab5b253df376091015bd5d;3 Jan 2002;CLASS;src.java.org.apache.commons.logging.SimpleLog;M
18ee959b108f7b38e556cfd26086da999eee792f;3 Jan 2002;CLASS;src.java.org.apache.commons.logging.LogSource;M
18ee959b108f7b38e556cfd26086da999eee792f;3 Jan 2002;CLASS;src.java.org.apache.commons.logging.NoOpLog;M
6faf1a65879b30a1e7bec38baa580f43014f8af7;3 Jan 2002;CLASS;src.java.org.apache.commons.logging.Log;M
5b72a5551e12f6be9b1601f3d22f1d3089ebe575;3 Jan 2002;CLASS;src.java.org.apache.commons.logging.AbstractLog;A
5be574e6f04885b7c1af292b2784bf704767cb2c;3 Jan 2002;CLASS;src.test.org.apache.commons.logging.TestLogLevels;A
dd4e6015c3b624ea3a4ff8c85bca59c3a42cb46b;3 Jan 2002;CLASS;src.test.org.apache.commons.logging.TestLog;A
80e21a7d1d70545cb1a46fe69c1c2bfcd4e48013;3 Jan 2002;CLASS;src.test.org.apache.commons.logging.TestAll;A
35ad9f42bdbef852b05b700ba06e30485c4be5b8;4 Dec 2001;CLASS;src.java.org.apache.commons.logging.Log;M
ad40b8fdb4c4b61de598aa28cc56087e4d3075c8;4 Dec 2001;CLASS;src.java.org.apache.commons.logging.Log;A
ad40b8fdb4c4b61de598aa28cc56087e4d3075c8;4 Dec 2001;CLASS;src.java.org.apache.commons.logging.Log4JCategoryLog;A
ad40b8fdb4c4b61de598aa28cc56087e4d3075c8;4 Dec 2001;CLASS;src.java.org.apache.commons.logging.LogSource;A
ad40b8fdb4c4b61de598aa28cc56087e4d3075c8;4 Dec 2001;CLASS;src.java.org.apache.commons.logging.NoOpLog;A
ad40b8fdb4c4b61de598aa28cc56087e4d3075c8;4 Dec 2001;CLASS;src.java.org.apache.commons.logging.SimpleLog;A
85cb60fc4387e8a8ce2c1e80a81a951e1a659204;9 Aug 2001;CLASS;src.java.org.apache.commons.logging.Log;D
85cb60fc4387e8a8ce2c1e80a81a951e1a659204;9 Aug 2001;CLASS;src.java.org.apache.commons.logging.Log4JCategoryLog;D
85cb60fc4387e8a8ce2c1e80a81a951e1a659204;9 Aug 2001;CLASS;src.java.org.apache.commons.logging.LogSource;D
85cb60fc4387e8a8ce2c1e80a81a951e1a659204;9 Aug 2001;CLASS;src.java.org.apache.commons.logging.NoOpLog;D
85cb60fc4387e8a8ce2c1e80a81a951e1a659204;9 Aug 2001;CLASS;src.java.org.apache.commons.logging.SimpleLog;D
3fdbfd2e86d1c1bbbe2ba0495e3842f0c6afcece;8 Aug 2001;CLASS;src.java.org.apache.commons.logging.Log;M
3fdbfd2e86d1c1bbbe2ba0495e3842f0c6afcece;8 Aug 2001;CLASS;src.java.org.apache.commons.logging.Log4JCategoryLog;M
3fdbfd2e86d1c1bbbe2ba0495e3842f0c6afcece;8 Aug 2001;CLASS;src.java.org.apache.commons.logging.LogSource;M
3fdbfd2e86d1c1bbbe2ba0495e3842f0c6afcece;8 Aug 2001;CLASS;src.java.org.apache.commons.logging.NoOpLog;M
3fdbfd2e86d1c1bbbe2ba0495e3842f0c6afcece;8 Aug 2001;CLASS;src.java.org.apache.commons.logging.SimpleLog;M
0e1807129a9cf0491f73d6fc7e7f914ccefdd40b;7 Aug 2001;CLASS;src.java.org.apache.commons.logging.Log;M
0e1807129a9cf0491f73d6fc7e7f914ccefdd40b;7 Aug 2001;CLASS;src.java.org.apache.commons.logging.Log4JCategoryLog;M
0e1807129a9cf0491f73d6fc7e7f914ccefdd40b;7 Aug 2001;CLASS;src.java.org.apache.commons.logging.NoOpLog;M
0e1807129a9cf0491f73d6fc7e7f914ccefdd40b;7 Aug 2001;CLASS;src.java.org.apache.commons.logging.SimpleLog;M
2f77a01e23527036f4332f43a079547fbcc39a25;2 Aug 2001;CLASS;src.java.org.apache.commons.logging.Log;M
2f77a01e23527036f4332f43a079547fbcc39a25;2 Aug 2001;CLASS;src.java.org.apache.commons.logging.Log4JCategoryLog;M
2f77a01e23527036f4332f43a079547fbcc39a25;2 Aug 2001;CLASS;src.java.org.apache.commons.logging.NoOpLog;M
2f77a01e23527036f4332f43a079547fbcc39a25;2 Aug 2001;CLASS;src.java.org.apache.commons.logging.SimpleLog;M
db6faedfe455c6c001af88d1721055ded1e962dd;2 Aug 2001;CLASS;src.java.org.apache.commons.logging.Log;A
db6faedfe455c6c001af88d1721055ded1e962dd;2 Aug 2001;CLASS;src.java.org.apache.commons.logging.Log4JCategoryLog;A
db6faedfe455c6c001af88d1721055ded1e962dd;2 Aug 2001;CLASS;src.java.org.apache.commons.logging.LogSource;A
db6faedfe455c6c001af88d1721055ded1e962dd;2 Aug 2001;CLASS;src.java.org.apache.commons.logging.NoOpLog;A
db6faedfe455c6c001af88d1721055ded1e962dd;2 Aug 2001;CLASS;src.java.org.apache.commons.logging.SimpleLog;A
