Class;Method;DeclaringClass;NbFields
junit.textui.TestRunner;TestRunner();java.lang.System;1
junit.textui.TestRunner;TestRunner(resultprinter);junit.textui.TestRunner;1
junit.textui.TestRunner;doRun(boolean, test);junit.textui.TestRunner;1
junit.textui.TestRunner;pause(boolean);java.lang.System;1
junit.textui.TestRunner;pause(boolean);junit.textui.TestRunner;1
junit.textui.TestRunner;main(string);java.lang.Throwable;1
junit.textui.TestRunner;main(string);java.lang.System;1
junit.textui.TestRunner;main(string);junit.textui.TestRunner;3
junit.textui.TestRunner;start(string);java.lang.System;1
junit.textui.TestRunner;runFailed(string);java.lang.System;1
junit.textui.TestRunner;runFailed(string);junit.textui.TestRunner;1
junit.textui.TestRunner;setPrinter(resultprinter);junit.textui.TestRunner;1
junit.textui.ResultPrinter;ResultPrinter(printstream);junit.textui.ResultPrinter;1
junit.textui.ResultPrinter;printWaitPrompt();junit.textui.ResultPrinter;1
junit.textui.ResultPrinter;printHeader(long);junit.textui.ResultPrinter;1
junit.textui.ResultPrinter;printDefects(int, string, testfailure);junit.textui.ResultPrinter;1
junit.textui.ResultPrinter;printDefectHeader(int, testfailure);junit.textui.ResultPrinter;1
junit.textui.ResultPrinter;printDefectTrace(testfailure);junit.textui.ResultPrinter;1
junit.textui.ResultPrinter;printFooter(testresult);junit.textui.ResultPrinter;1
junit.textui.ResultPrinter;elapsedTimeAsString(long);java.text.NumberFormat;1
junit.textui.ResultPrinter;getWriter();junit.textui.ResultPrinter;1
junit.textui.ResultPrinter;addError(test, throwable);junit.textui.ResultPrinter;1
junit.textui.ResultPrinter;addFailure(assertionfailederror, test);junit.textui.ResultPrinter;1
junit.textui.ResultPrinter;startTest(test);junit.textui.ResultPrinter;2
junit.framework.ComparisonCompactor;ComparisonCompactor(int, string, string);junit.framework.ComparisonCompactor;3
junit.framework.ComparisonCompactor;compact(string);junit.framework.ComparisonCompactor;2
junit.framework.ComparisonCompactor;compactString(string);junit.framework.ComparisonCompactor;4
junit.framework.ComparisonCompactor;findCommonPrefix();junit.framework.ComparisonCompactor;3
junit.framework.ComparisonCompactor;findCommonSuffix();junit.framework.ComparisonCompactor;4
junit.framework.ComparisonCompactor;computeCommonPrefix();junit.framework.ComparisonCompactor;4
junit.framework.ComparisonCompactor;computeCommonSuffix();junit.framework.ComparisonCompactor;4
junit.framework.ComparisonCompactor;areStringsEqual();junit.framework.ComparisonCompactor;2
junit.framework.JUnit4TestCaseFacade;JUnit4TestCaseFacade(description);junit.framework.JUnit4TestCaseFacade;1
junit.framework.JUnit4TestCaseFacade;toString();junit.framework.JUnit4TestCaseFacade;1
junit.framework.JUnit4TestCaseFacade;getDescription();junit.framework.JUnit4TestCaseFacade;1
junit.framework.JUnit4TestAdapter;JUnit4TestAdapter(class, junit4testadaptercache);junit.framework.JUnit4TestAdapter;3
junit.framework.JUnit4TestAdapter;countTestCases();junit.framework.JUnit4TestAdapter;1
junit.framework.JUnit4TestAdapter;run(testresult);junit.framework.JUnit4TestAdapter;2
junit.framework.JUnit4TestAdapter;getTests();junit.framework.JUnit4TestAdapter;2
junit.framework.JUnit4TestAdapter;getTestClass();junit.framework.JUnit4TestAdapter;1
junit.framework.JUnit4TestAdapter;getDescription();junit.framework.JUnit4TestAdapter;1
junit.framework.JUnit4TestAdapter;removeIgnored(description);junit.framework.JUnit4TestAdapter;1
junit.framework.JUnit4TestAdapter;toString();java.lang.Class<>;1
junit.framework.JUnit4TestAdapter;toString();junit.framework.JUnit4TestAdapter;1
junit.framework.JUnit4TestAdapter;filter(filter);junit.framework.JUnit4TestAdapter;1
junit.framework.JUnit4TestAdapter;sort(sorter);junit.framework.JUnit4TestAdapter;1
junit.framework.ComparisonFailure;ComparisonFailure(string, string, string);junit.framework.ComparisonFailure;2
junit.framework.ComparisonFailure;getMessage();junit.framework.ComparisonFailure;3
junit.framework.ComparisonFailure;getActual();junit.framework.ComparisonFailure;1
junit.framework.ComparisonFailure;getExpected();junit.framework.ComparisonFailure;1
junit.framework.TestFailure;TestFailure(test, throwable);junit.framework.TestFailure;2
junit.framework.TestFailure;failedTest();junit.framework.TestFailure;1
junit.framework.TestFailure;thrownException();junit.framework.TestFailure;1
junit.framework.TestFailure;toString();java.lang.Throwable;1
junit.framework.TestFailure;toString();junit.framework.TestFailure;2
junit.framework.TestFailure;trace();java.io.StringWriter;1
junit.framework.TestFailure;exceptionMessage();java.lang.Throwable;1
junit.framework.TestResult;TestResult();junit.framework.TestResult;5
junit.framework.TestResult;addError(test, throwable);junit.framework.TestResult;1
junit.framework.TestResult;addFailure(assertionfailederror, test);junit.framework.TestResult;1
junit.framework.TestResult;addListener(testlistener);junit.framework.TestResult;1
junit.framework.TestResult;removeListener(testlistener);junit.framework.TestResult;1
junit.framework.TestResult;cloneListeners();junit.framework.TestResult;1
junit.framework.TestResult;errorCount();junit.framework.TestResult;1
junit.framework.TestResult;errors();junit.framework.TestResult;1
junit.framework.TestResult;failureCount();junit.framework.TestResult;1
junit.framework.TestResult;failures();junit.framework.TestResult;1
junit.framework.TestResult;runCount();junit.framework.TestResult;1
junit.framework.TestResult;shouldStop();junit.framework.TestResult;1
junit.framework.TestResult;startTest(test);junit.framework.TestResult;1
junit.framework.TestResult;stop();junit.framework.TestResult;1
junit.framework.TestCase;TestCase();junit.framework.TestCase;1
junit.framework.TestCase;TestCase(string);junit.framework.TestCase;1
junit.framework.TestCase;runBare();junit.framework.TestCase;1
junit.framework.TestCase;runTest();java.lang.reflect.Modifier;1
junit.framework.TestCase;runTest();java.lang.Object;1
junit.framework.TestCase;runTest();java.lang.Class;1
junit.framework.TestCase;runTest();junit.framework.TestCase;1
junit.framework.TestCase;runTest();java.lang.reflect.Method;1
junit.framework.TestCase;runTest();java.lang.reflect.InvocationTargetException;1
junit.framework.TestCase;toString();java.lang.Class;1
junit.framework.TestCase;toString();java.lang.Object;1
junit.framework.TestCase;toString();junit.framework.TestCase;1
junit.framework.TestCase;getName();junit.framework.TestCase;1
junit.framework.TestCase;setName(string);junit.framework.TestCase;1
junit.framework.JUnit4TestAdapterCache;getDefault();junit.framework.JUnit4TestAdapterCache;1
junit.framework.TestSuite;createTest(class, string);junit.framework.TestSuite;1
junit.framework.TestSuite;createTest(class, string);java.lang.Class<>;1
junit.framework.TestSuite;createTest(class, string);java.lang.reflect.Constructor<>;1
junit.framework.TestSuite;createTest(class, string);java.lang.reflect.InvocationTargetException;1
junit.framework.TestSuite;getTestConstructor(class);java.lang.Class<>;1
junit.framework.TestSuite;addTestsFromTestCase(class);junit.framework.TestSuite;3
junit.framework.TestSuite;addTestsFromTestCase(class);java.lang.Class<>;4
junit.framework.TestSuite;addTestsFromTestCase(class);java.lang.reflect.Modifier;1
junit.framework.TestSuite;addTestsFromTestCase(class);java.lang.Class;1
junit.framework.TestSuite;TestSuite(string, testcase);junit.framework.TestSuite;1
junit.framework.TestSuite;TestSuite(string);junit.framework.TestSuite;1
junit.framework.TestSuite;testCaseForClass(class);java.lang.Class<>;1
junit.framework.TestSuite;testCaseForClass(class);java.lang.Class;1
junit.framework.TestSuite;TestSuite(string, testcase);junit.framework.TestSuite;1
junit.framework.TestSuite;addTest(test);junit.framework.TestSuite;1
junit.framework.TestSuite;countTestCases();junit.framework.TestSuite;1
junit.framework.TestSuite;getName();junit.framework.TestSuite;1
junit.framework.TestSuite;run(testresult);junit.framework.TestSuite;1
junit.framework.TestSuite;setName(string);junit.framework.TestSuite;1
junit.framework.TestSuite;testAt(int);junit.framework.TestSuite;1
junit.framework.TestSuite;testCount();junit.framework.TestSuite;1
junit.framework.TestSuite;tests();junit.framework.TestSuite;1
junit.framework.TestSuite;toString();junit.framework.TestSuite;1
junit.framework.TestSuite;addTestMethod(class, method, string);junit.framework.TestSuite;2
junit.framework.TestSuite;addTestMethod(class, method, string);java.lang.Class<>;1
junit.framework.TestSuite;addTestMethod(class, method, string);java.lang.reflect.Method;1
junit.framework.TestSuite;isPublicTestMethod(method);junit.framework.TestSuite;1
junit.framework.TestSuite;isPublicTestMethod(method);java.lang.reflect.Modifier;1
junit.framework.TestSuite;isPublicTestMethod(method);java.lang.reflect.Method;1
junit.framework.TestSuite;isTestMethod(method);java.lang.Void;1
junit.framework.TestSuite;isTestMethod(method);java.lang.reflect.Method;3
junit.runner.BaseTestRunner;setPreferences(properties);junit.runner.BaseTestRunner;1
junit.runner.BaseTestRunner;getPreferences();junit.runner.BaseTestRunner;1
junit.runner.BaseTestRunner;savePreferences();junit.runner.BaseTestRunner;2
junit.runner.BaseTestRunner;setPreference(string, string);junit.runner.BaseTestRunner;1
junit.runner.BaseTestRunner;getTest(string);java.lang.Throwable;1
junit.runner.BaseTestRunner;getTest(string);java.lang.Class<>;1
junit.runner.BaseTestRunner;getTest(string);java.lang.reflect.Modifier;1
junit.runner.BaseTestRunner;getTest(string);junit.runner.BaseTestRunner;1
junit.runner.BaseTestRunner;getTest(string);java.lang.reflect.Method;1
junit.runner.BaseTestRunner;getTest(string);java.lang.reflect.InvocationTargetException;1
junit.runner.BaseTestRunner;elapsedTimeAsString(long);java.text.NumberFormat;1
junit.runner.BaseTestRunner;processArguments(string);java.lang.System;1
junit.runner.BaseTestRunner;processArguments(string);junit.runner.BaseTestRunner;2
junit.runner.BaseTestRunner;setLoading(boolean);junit.runner.BaseTestRunner;1
junit.runner.BaseTestRunner;truncate(string);junit.runner.BaseTestRunner;1
junit.runner.BaseTestRunner;useReloadingTestSuiteLoader();junit.runner.BaseTestRunner;2
junit.runner.BaseTestRunner;getPreferencesFile();java.lang.System;1
junit.runner.BaseTestRunner;readPreferences();junit.runner.BaseTestRunner;2
junit.runner.BaseTestRunner;getPreference(string);java.util.Properties;1
junit.runner.BaseTestRunner;getPreference(string);junit.runner.BaseTestRunner;1
junit.runner.BaseTestRunner;getPreference(int, string);junit.runner.BaseTestRunner;1
junit.runner.BaseTestRunner;getFilteredTrace(throwable);java.io.StringWriter;1
junit.runner.BaseTestRunner;getFilteredTrace(throwable);junit.runner.BaseTestRunner;1
junit.runner.BaseTestRunner;showStackRaw();junit.runner.BaseTestRunner;2
junit.runner.Version;main(string);java.lang.System;1
junit.extensions.ActiveTestSuite;run(testresult);junit.extensions.ActiveTestSuite;1
junit.extensions.ActiveTestSuite;waitUntilFinished();junit.extensions.ActiveTestSuite;1
junit.extensions.ActiveTestSuite;runFinished();junit.extensions.ActiveTestSuite;1
junit.extensions.RepeatedTest;RepeatedTest(int, test);junit.extensions.RepeatedTest;1
junit.extensions.RepeatedTest;countTestCases();junit.extensions.RepeatedTest;1
junit.extensions.RepeatedTest;run(testresult);junit.extensions.RepeatedTest;1
junit.extensions.TestSetup;run(testresult);junit.extensions.TestSetup;1
junit.extensions.TestSetup;protect();junit.extensions.TestSetup;1
junit.extensions.TestDecorator;TestDecorator(test);junit.extensions.TestDecorator;1
junit.extensions.TestDecorator;basicRun(testresult);junit.extensions.TestDecorator;1
junit.extensions.TestDecorator;countTestCases();junit.extensions.TestDecorator;1
junit.extensions.TestDecorator;toString();junit.extensions.TestDecorator;1
junit.extensions.TestDecorator;getTest();junit.extensions.TestDecorator;1
org.junit.experimental.ParallelComputer;ParallelComputer(boolean, boolean);org.junit.experimental.ParallelComputer;2
org.junit.experimental.ParallelComputer;getSuite(class, runnerbuilder);org.junit.experimental.ParallelComputer;1
org.junit.experimental.ParallelComputer;getRunner(class, runnerbuilder);org.junit.experimental.ParallelComputer;1
org.junit.experimental.theories.Theories;validateDataPointFields(throwable);java.lang.reflect.Modifier;1
org.junit.experimental.theories.Theories;validateDataPointFields(throwable);java.lang.reflect.Field;3
org.junit.experimental.theories.Theories;TheoryAnchor(frameworkmethod, testclass);org.junit.experimental.theories.Theories;2
org.junit.experimental.theories.Theories;getTestClass();org.junit.experimental.theories.Theories;1
org.junit.experimental.theories.Theories;evaluate();org.junit.experimental.theories.Theories;4
org.junit.experimental.theories.Theories;runWithCompleteAssignment(assignments);org.junit.experimental.theories.Theories;2
org.junit.experimental.theories.Theories;createTest();org.junit.experimental.theories.Theories;1
org.junit.experimental.theories.Theories;handleAssumptionViolation(assumptionviolatedexception);org.junit.experimental.theories.Theories;1
org.junit.experimental.theories.Theories;reportParameterizedError(object, throwable);org.junit.experimental.theories.Theories;1
org.junit.experimental.theories.Theories;nullsOk();org.junit.experimental.theories.Theories;1
org.junit.experimental.theories.Theories;handleDataPointSuccess();org.junit.experimental.theories.Theories;1
org.junit.experimental.theories.internal.AllMembersSupplier;MethodParameterValue(frameworkmethod);org.junit.experimental.theories.internal.AllMembersSupplier;1
org.junit.experimental.theories.internal.AllMembersSupplier;getValue();org.junit.experimental.theories.internal.AllMembersSupplier;1
org.junit.experimental.theories.internal.AllMembersSupplier;getDescription();org.junit.experimental.theories.internal.AllMembersSupplier;1
org.junit.experimental.theories.internal.AllMembersSupplier;AllMembersSupplier(testclass);org.junit.experimental.theories.internal.AllMembersSupplier;1
org.junit.experimental.theories.internal.AllMembersSupplier;addMultiPointMethods(potentialassignment);org.junit.experimental.theories.internal.AllMembersSupplier;1
org.junit.experimental.theories.internal.AllMembersSupplier;addSinglePointMethods(parametersignature, potentialassignment);org.junit.experimental.theories.internal.AllMembersSupplier;1
org.junit.experimental.theories.internal.AllMembersSupplier;addFields(parametersignature, potentialassignment);java.lang.reflect.Modifier;1
org.junit.experimental.theories.internal.AllMembersSupplier;addFields(parametersignature, potentialassignment);org.junit.experimental.theories.internal.AllMembersSupplier;2
org.junit.experimental.theories.internal.AllMembersSupplier;addFields(parametersignature, potentialassignment);java.lang.reflect.Field;4
org.junit.experimental.theories.internal.AllMembersSupplier;addArrayValues(object, potentialassignment, string);java.lang.reflect.Array;1
org.junit.experimental.theories.internal.Assignments;Assignments(parametersignature, potentialassignment, testclass);org.junit.experimental.theories.internal.Assignments;3
org.junit.experimental.theories.internal.Assignments;isComplete();org.junit.experimental.theories.internal.Assignments;1
org.junit.experimental.theories.internal.Assignments;nextUnassigned();org.junit.experimental.theories.internal.Assignments;1
org.junit.experimental.theories.internal.Assignments;assignNext(potentialassignment);org.junit.experimental.theories.internal.Assignments;3
org.junit.experimental.theories.internal.Assignments;getActualValues(boolean, int, int);org.junit.experimental.theories.internal.Assignments;1
org.junit.experimental.theories.internal.Assignments;potentialsForNextUnassigned();org.junit.experimental.theories.internal.Assignments;1
org.junit.experimental.theories.internal.Assignments;getSupplier(parametersignature);org.junit.experimental.theories.internal.Assignments;2
org.junit.experimental.theories.internal.Assignments;getConstructorArguments(boolean);org.junit.experimental.theories.internal.Assignments;2
org.junit.experimental.theories.internal.Assignments;getMethodArguments(boolean);org.junit.experimental.theories.internal.Assignments;3
org.junit.experimental.theories.internal.Assignments;getAllArguments(boolean);org.junit.experimental.theories.internal.Assignments;2
org.junit.experimental.theories.internal.Assignments;getConstructorParameterCount();org.junit.experimental.theories.internal.Assignments;1
org.junit.experimental.theories.internal.Assignments;getArgumentStrings(boolean);org.junit.experimental.theories.internal.Assignments;1
org.junit.experimental.theories.ParameterSignature;signatures(method);java.lang.reflect.Method;2
org.junit.experimental.theories.ParameterSignature;signatures(constructor);java.lang.reflect.Constructor<>;2
org.junit.experimental.theories.ParameterSignature;ParameterSignature(annotation, class);org.junit.experimental.theories.ParameterSignature;2
org.junit.experimental.theories.ParameterSignature;canAcceptType(class);java.lang.Class<>;1
org.junit.experimental.theories.ParameterSignature;canAcceptType(class);org.junit.experimental.theories.ParameterSignature;1
org.junit.experimental.theories.ParameterSignature;getType();org.junit.experimental.theories.ParameterSignature;1
org.junit.experimental.theories.ParameterSignature;getAnnotations();org.junit.experimental.theories.ParameterSignature;1
org.junit.experimental.theories.ParameterSignature;canAcceptArrayType(class);java.lang.Class<>;2
org.junit.experimental.theories.ParameterSignature;hasAnnotation(annotation);org.junit.experimental.theories.ParameterSignature;1
org.junit.experimental.theories.ParameterSignature;findDeepAnnotation(java.lang.Class<T>);org.junit.experimental.theories.ParameterSignature;1
org.junit.experimental.theories.ParameterSignature;findDeepAnnotation(java.lang.annotation.Annotation[],java.lang.Class<T>,int);java.lang.Class<T>;1
org.junit.experimental.theories.ParameterSignature;findDeepAnnotation(java.lang.annotation.Annotation[],java.lang.Class<T>,int);java.lang.Class;1
org.junit.experimental.theories.ParameterSignature;getAnnotation(java.lang.Class<T>);java.lang.Class<T>;1
org.junit.experimental.theories.ParameterSignature;getAnnotation(java.lang.Class<T>);org.junit.experimental.theories.ParameterSignature;1
org.junit.experimental.max.MaxCore;MaxCore(file);org.junit.experimental.max.MaxCore;1
org.junit.experimental.max.MaxCore;run(junitcore, request);org.junit.experimental.max.MaxCore;1
org.junit.experimental.max.MaxCore;sortRequest(request);org.junit.experimental.max.MaxCore;1
org.junit.experimental.max.MaxCore;buildRunner(description);org.junit.experimental.max.MaxCore;2
org.junit.experimental.max.MaxCore;getMalformedTestClass(description);org.junit.experimental.max.MaxCore;1
org.junit.experimental.max.MaxCore;findLeaves(description, description, description);org.junit.experimental.max.MaxCore;1
org.junit.experimental.max.MaxHistory;MaxHistory(file);org.junit.experimental.max.MaxHistory;1
org.junit.experimental.max.MaxHistory;save();org.junit.experimental.max.MaxHistory;1
org.junit.experimental.max.MaxHistory;getFailureTimestamp(description);org.junit.experimental.max.MaxHistory;1
org.junit.experimental.max.MaxHistory;putTestFailureTimestamp(description, long);org.junit.experimental.max.MaxHistory;1
org.junit.experimental.max.MaxHistory;isNewTest(description);org.junit.experimental.max.MaxHistory;1
org.junit.experimental.max.MaxHistory;getTestDuration(description);org.junit.experimental.max.MaxHistory;1
org.junit.experimental.max.MaxHistory;putTestDuration(description, long);org.junit.experimental.max.MaxHistory;1
org.junit.experimental.max.MaxHistory;testStarted(description);org.junit.experimental.max.MaxHistory;1
org.junit.experimental.max.MaxHistory;testFinished(description);org.junit.experimental.max.MaxHistory;1
org.junit.experimental.max.MaxHistory;testFailure(failure);org.junit.experimental.max.MaxHistory;1
org.junit.experimental.max.MaxHistory;compare(description, description);org.junit.experimental.max.MaxHistory;3
org.junit.experimental.max.MaxHistory;getFailure(description);org.junit.experimental.max.MaxHistory;1
org.junit.experimental.results.PrintableResult;PrintableResult(result);org.junit.experimental.results.PrintableResult;1
org.junit.experimental.results.PrintableResult;toString();org.junit.experimental.results.PrintableResult;1
org.junit.experimental.results.PrintableResult;failureCount();org.junit.experimental.results.PrintableResult;1
org.junit.experimental.results.FailureList;FailureList(failure);org.junit.experimental.results.FailureList;1
org.junit.experimental.results.FailureList;result();org.junit.experimental.results.FailureList;1
org.junit.experimental.runners.Enclosed;Enclosed(class, runnerbuilder);java.lang.Class<>;1
org.junit.experimental.categories.Categories;CategoryFilter(class, class);org.junit.experimental.categories.Categories;2
org.junit.experimental.categories.Categories;describe();org.junit.experimental.categories.Categories;1
org.junit.experimental.categories.Categories;hasCorrectCategoryAnnotation(description);java.util.List<java.lang.Class<?>>;1
org.junit.experimental.categories.Categories;hasCorrectCategoryAnnotation(description);java.lang.Class<>;1
org.junit.experimental.categories.Categories;hasCorrectCategoryAnnotation(description);org.junit.experimental.categories.Categories;2
org.junit.experimental.categories.Categories;Categories(class, runnerbuilder);org.junit.experimental.categories.Categories;2
org.junit.experimental.categories.Categories;getIncludedCategory(class);java.lang.Class<>;1
org.junit.experimental.categories.Categories;getExcludedCategory(class);java.lang.Class<>;1
org.junit.ComparisonFailure;ComparisonFailure(string, string, string);org.junit.ComparisonFailure;2
org.junit.ComparisonFailure;getMessage();java.lang.Throwable;1
org.junit.ComparisonFailure;getMessage();org.junit.ComparisonFailure;3
org.junit.ComparisonFailure;getActual();org.junit.ComparisonFailure;1
org.junit.ComparisonFailure;getExpected();org.junit.ComparisonFailure;1
org.junit.ComparisonFailure;ComparisonCompactor(int, string, string);org.junit.ComparisonFailure;3
org.junit.ComparisonFailure;compact(string);org.junit.ComparisonFailure;2
org.junit.ComparisonFailure;compactString(string);org.junit.ComparisonFailure;4
org.junit.ComparisonFailure;findCommonPrefix();org.junit.ComparisonFailure;3
org.junit.ComparisonFailure;findCommonSuffix();org.junit.ComparisonFailure;4
org.junit.ComparisonFailure;computeCommonPrefix();org.junit.ComparisonFailure;4
org.junit.ComparisonFailure;computeCommonSuffix();org.junit.ComparisonFailure;4
org.junit.ComparisonFailure;areStringsEqual();org.junit.ComparisonFailure;2
org.junit.runner.manipulation.Sorter;Sorter(description);org.junit.runner.manipulation.Sorter;1
org.junit.runner.manipulation.Sorter;compare(description, description);org.junit.runner.manipulation.Sorter;1
org.junit.runner.notification.Failure;Failure(description, throwable);org.junit.runner.notification.Failure;2
org.junit.runner.notification.Failure;getTestHeader();org.junit.runner.notification.Failure;1
org.junit.runner.notification.Failure;getDescription();org.junit.runner.notification.Failure;1
org.junit.runner.notification.Failure;getException();org.junit.runner.notification.Failure;1
org.junit.runner.notification.Failure;toString();java.lang.Throwable;1
org.junit.runner.notification.Failure;toString();org.junit.runner.notification.Failure;2
org.junit.runner.notification.Failure;getTrace();java.io.StringWriter;1
org.junit.runner.notification.Failure;getTrace();org.junit.runner.notification.Failure;1
org.junit.runner.notification.Failure;getMessage();java.lang.Throwable;1
org.junit.runner.notification.Failure;getMessage();org.junit.runner.notification.Failure;1
org.junit.runner.notification.RunNotifier;addListener(runlistener);org.junit.runner.notification.RunNotifier;1
org.junit.runner.notification.RunNotifier;removeListener(runlistener);org.junit.runner.notification.RunNotifier;1
org.junit.runner.notification.RunNotifier;run();org.junit.runner.notification.RunNotifier;1
org.junit.runner.notification.RunNotifier;fireTestStarted(description);org.junit.runner.notification.RunNotifier;1
org.junit.runner.notification.RunNotifier;pleaseStop();org.junit.runner.notification.RunNotifier;1
org.junit.runner.notification.RunNotifier;addFirstListener(runlistener);org.junit.runner.notification.RunNotifier;1
org.junit.runner.Runner;testCount();org.junit.runner.Runner;1
org.junit.runner.Computer;getSuite(class, runnerbuilder);org.junit.runner.Computer;1
org.junit.runner.Computer;runnerForClass(class);org.junit.runner.Computer;1
org.junit.runner.Description;createTestDescription(annotation, class, string);java.lang.Class<>;1
org.junit.runner.Description;createSuiteDescription(class);java.lang.Class<>;2
org.junit.runner.Description;Description(annotation, string);org.junit.runner.Description;2
org.junit.runner.Description;getDisplayName();org.junit.runner.Description;1
org.junit.runner.Description;addChild(description);org.junit.runner.Description;1
org.junit.runner.Description;getChildren();org.junit.runner.Description;1
org.junit.runner.Description;isSuite();org.junit.runner.Description;1
org.junit.runner.Description;isTest();java.util.ArrayList<org.junit.runner.Description>;1
org.junit.runner.Description;isTest();org.junit.runner.Description;1
org.junit.runner.Description;testCount();org.junit.runner.Description;2
org.junit.runner.Description;hashCode();org.junit.runner.Description;1
org.junit.runner.Description;equals(object);org.junit.runner.Description;2
org.junit.runner.Description;toString();org.junit.runner.Description;1
org.junit.runner.Description;isEmpty();org.junit.runner.Description;1
org.junit.runner.Description;childlessCopy();org.junit.runner.Description;2
org.junit.runner.Description;getAnnotation(java.lang.Class<T>);org.junit.runner.Description;1
org.junit.runner.Description;getAnnotations();org.junit.runner.Description;1
org.junit.runner.Description;getTestClass();org.junit.runner.Description;1
org.junit.runner.JUnitCore;JUnitCore();org.junit.runner.JUnitCore;1
org.junit.runner.JUnitCore;run(runner);org.junit.runner.JUnitCore;1
org.junit.runner.JUnitCore;addListener(runlistener);org.junit.runner.JUnitCore;1
org.junit.runner.JUnitCore;removeListener(runlistener);org.junit.runner.JUnitCore;1
org.junit.runner.Result;getRunCount();org.junit.runner.Result;1
org.junit.runner.Result;getFailureCount();org.junit.runner.Result;1
org.junit.runner.Result;getRunTime();org.junit.runner.Result;1
org.junit.runner.Result;getFailures();org.junit.runner.Result;1
org.junit.runner.Result;getIgnoreCount();org.junit.runner.Result;1
org.junit.runner.Result;wasSuccessful();org.junit.runner.Result;1
org.junit.runner.Result;testRunStarted(description);org.junit.runner.Result;1
org.junit.runner.Result;testRunFinished(result);org.junit.runner.Result;2
org.junit.runner.Result;testFinished(description);org.junit.runner.Result;1
org.junit.runner.Result;testFinished(description);java.util.concurrent.atomic.AtomicInteger;1
org.junit.runner.Result;testFailure(failure);org.junit.runner.Result;1
org.junit.runner.Result;testIgnored(description);org.junit.runner.Result;1
org.junit.runner.Result;testIgnored(description);java.util.concurrent.atomic.AtomicInteger;1
org.junit.internal.builders.IgnoredClassRunner;IgnoredClassRunner(class);org.junit.internal.builders.IgnoredClassRunner;1
org.junit.internal.builders.IgnoredClassRunner;run(runnotifier);org.junit.internal.builders.IgnoredClassRunner;1
org.junit.internal.builders.IgnoredClassRunner;getDescription();org.junit.internal.builders.IgnoredClassRunner;1
org.junit.internal.builders.AnnotatedBuilder;AnnotatedBuilder(runnerbuilder);org.junit.internal.builders.AnnotatedBuilder;1
org.junit.internal.builders.AnnotatedBuilder;runnerForClass(class);java.lang.Class<>;1
org.junit.internal.builders.AnnotatedBuilder;buildRunner(class, runner);java.lang.Class<>;2
org.junit.internal.builders.AnnotatedBuilder;buildRunner(class, runner);org.junit.internal.builders.AnnotatedBuilder;2
org.junit.internal.builders.IgnoredBuilder;runnerForClass(class);java.lang.Class<>;1
org.junit.internal.builders.AllDefaultPossibilitiesBuilder;AllDefaultPossibilitiesBuilder(boolean);org.junit.internal.builders.AllDefaultPossibilitiesBuilder;1
org.junit.internal.builders.AllDefaultPossibilitiesBuilder;suiteMethodBuilder();org.junit.internal.builders.AllDefaultPossibilitiesBuilder;1
org.junit.internal.builders.JUnit3Builder;runnerForClass(class);org.junit.internal.builders.JUnit3Builder;1
org.junit.internal.builders.JUnit3Builder;isPre4Test(class);java.lang.Class;1
org.junit.internal.builders.SuiteMethodBuilder;hasSuiteMethod(class);java.lang.Class<>;1
org.junit.internal.InexactComparisonCriteria;InexactComparisonCriteria(double);org.junit.internal.InexactComparisonCriteria;1
org.junit.internal.InexactComparisonCriteria;assertElementsEqual(object, object);org.junit.internal.InexactComparisonCriteria;1
org.junit.internal.ArrayComparisonFailure;ArrayComparisonFailure(assertionerror, int, string);org.junit.internal.ArrayComparisonFailure;2
org.junit.internal.ArrayComparisonFailure;addDimension(int);org.junit.internal.ArrayComparisonFailure;1
org.junit.internal.ArrayComparisonFailure;getMessage();java.lang.Throwable;1
org.junit.internal.ArrayComparisonFailure;getMessage();org.junit.internal.ArrayComparisonFailure;3
org.junit.internal.ArrayComparisonFailure;toString();org.junit.internal.ArrayComparisonFailure;1
org.junit.internal.requests.ClassRequest;ClassRequest(boolean, class);org.junit.internal.requests.ClassRequest;2
org.junit.internal.requests.ClassRequest;getRunner();org.junit.internal.requests.ClassRequest;2
org.junit.internal.requests.SortingRequest;SortingRequest(description, request);org.junit.internal.requests.SortingRequest;2
org.junit.internal.requests.SortingRequest;getRunner();org.junit.internal.requests.SortingRequest;2
org.junit.internal.requests.FilterRequest;FilterRequest(filter, request);org.junit.internal.requests.FilterRequest;2
org.junit.internal.requests.FilterRequest;getRunner();org.junit.internal.requests.FilterRequest;2
org.junit.internal.RealSystem;out();java.lang.System;1
org.junit.internal.ComparisonCriteria;arrayEquals(object, object, string);org.junit.internal.ComparisonCriteria;1
org.junit.internal.ComparisonCriteria;isArray(object);java.lang.Object;1
org.junit.internal.ComparisonCriteria;isArray(object);java.lang.Class;1
org.junit.internal.ComparisonCriteria;assertArraysAreSameLength(object, object, string);java.lang.reflect.Array;1
org.junit.internal.TextListener;TextListener(printstream);org.junit.internal.TextListener;1
org.junit.internal.TextListener;testStarted(description);org.junit.internal.TextListener;1
org.junit.internal.TextListener;testFailure(failure);org.junit.internal.TextListener;1
org.junit.internal.TextListener;testIgnored(description);org.junit.internal.TextListener;1
org.junit.internal.TextListener;getWriter();org.junit.internal.TextListener;1
org.junit.internal.TextListener;printHeader(long);org.junit.internal.TextListener;1
org.junit.internal.TextListener;printFailures(result);org.junit.internal.TextListener;1
org.junit.internal.TextListener;printFailure(failure, string);org.junit.internal.TextListener;1
org.junit.internal.TextListener;printFooter(result);org.junit.internal.TextListener;1
org.junit.internal.TextListener;elapsedTimeAsString(long);java.text.NumberFormat;1
org.junit.internal.AssumptionViolatedException;AssumptionViolatedException(matcher, object);org.junit.internal.AssumptionViolatedException;2
org.junit.internal.AssumptionViolatedException;describeTo(description);org.junit.internal.AssumptionViolatedException;2
org.junit.internal.runners.TestClass;TestClass(class);org.junit.internal.runners.TestClass;1
org.junit.internal.runners.TestClass;getTestMethods();org.junit.internal.runners.TestClass;1
org.junit.internal.runners.TestClass;getBefores();org.junit.internal.runners.TestClass;1
org.junit.internal.runners.TestClass;getAfters();org.junit.internal.runners.TestClass;1
org.junit.internal.runners.TestClass;getAnnotatedMethods(annotation);java.lang.Class<>;1
org.junit.internal.runners.TestClass;getAnnotatedMethods(annotation);org.junit.internal.runners.TestClass;3
org.junit.internal.runners.TestClass;getAnnotatedMethods(annotation);java.lang.reflect.Method;1
org.junit.internal.runners.TestClass;isShadowed(method, method);org.junit.internal.runners.TestClass;1
org.junit.internal.runners.TestClass;isShadowed(method, method);java.lang.reflect.Method;2
org.junit.internal.runners.TestClass;getSuperClasses(class);java.lang.Class<>;1
org.junit.internal.runners.TestClass;getConstructor();java.lang.Class<>;1
org.junit.internal.runners.TestClass;getConstructor();org.junit.internal.runners.TestClass;1
org.junit.internal.runners.TestClass;getJavaClass();org.junit.internal.runners.TestClass;1
org.junit.internal.runners.TestClass;getName();java.lang.Class<>;1
org.junit.internal.runners.TestClass;getName();org.junit.internal.runners.TestClass;1
org.junit.internal.runners.TestMethod;TestMethod(method, testclass);org.junit.internal.runners.TestMethod;2
org.junit.internal.runners.TestMethod;isIgnored();org.junit.internal.runners.TestMethod;1
org.junit.internal.runners.TestMethod;isIgnored();java.lang.reflect.Method;1
org.junit.internal.runners.TestMethod;getTimeout();org.junit.internal.runners.TestMethod;1
org.junit.internal.runners.TestMethod;getTimeout();java.lang.reflect.Method;1
org.junit.internal.runners.TestMethod;getExpectedException();org.junit.internal.runners.TestMethod;1
org.junit.internal.runners.TestMethod;getExpectedException();java.lang.reflect.Method;1
org.junit.internal.runners.TestMethod;isUnexpected(throwable);org.junit.internal.runners.TestMethod;1
org.junit.internal.runners.TestMethod;isUnexpected(throwable);java.lang.Class<>;1
org.junit.internal.runners.TestMethod;isUnexpected(throwable);java.lang.Object;1
org.junit.internal.runners.TestMethod;expectsException();org.junit.internal.runners.TestMethod;1
org.junit.internal.runners.TestMethod;getBefores();org.junit.internal.runners.TestMethod;1
org.junit.internal.runners.TestMethod;getAfters();org.junit.internal.runners.TestMethod;1
org.junit.internal.runners.TestMethod;invoke(object);org.junit.internal.runners.TestMethod;1
org.junit.internal.runners.MethodRoadie;MethodRoadie(description, object, runnotifier, testmethod);org.junit.internal.runners.MethodRoadie;4
org.junit.internal.runners.MethodRoadie;run();org.junit.internal.runners.MethodRoadie;3
org.junit.internal.runners.MethodRoadie;runWithTimeout(long);java.util.concurrent.TimeUnit;1
org.junit.internal.runners.MethodRoadie;run();java.util.concurrent.TimeUnit;1
org.junit.internal.runners.MethodRoadie;runTestMethod();org.junit.internal.runners.MethodRoadie;2
org.junit.internal.runners.MethodRoadie;runTestMethod();java.lang.Class;1
org.junit.internal.runners.MethodRoadie;runTestMethod();java.lang.Object;1
org.junit.internal.runners.MethodRoadie;runTestMethod();java.lang.reflect.InvocationTargetException;1
org.junit.internal.runners.MethodRoadie;runBefores();org.junit.internal.runners.MethodRoadie;2
org.junit.internal.runners.MethodRoadie;runBefores();java.lang.reflect.InvocationTargetException;1
org.junit.internal.runners.MethodRoadie;runAfters();org.junit.internal.runners.MethodRoadie;2
org.junit.internal.runners.MethodRoadie;runAfters();java.lang.reflect.InvocationTargetException;1
org.junit.internal.runners.MethodRoadie;addFailure(throwable);org.junit.internal.runners.MethodRoadie;2
org.junit.internal.runners.JUnit38ClassRunner;OldTestClassAdaptingListener(runnotifier);org.junit.internal.runners.JUnit38ClassRunner;1
org.junit.internal.runners.JUnit38ClassRunner;endTest(test);org.junit.internal.runners.JUnit38ClassRunner;1
org.junit.internal.runners.JUnit38ClassRunner;startTest(test);org.junit.internal.runners.JUnit38ClassRunner;1
org.junit.internal.runners.JUnit38ClassRunner;addError(test, throwable);org.junit.internal.runners.JUnit38ClassRunner;1
org.junit.internal.runners.JUnit38ClassRunner;asDescription(test);org.junit.internal.runners.JUnit38ClassRunner;2
org.junit.internal.runners.JUnit38ClassRunner;JUnit38ClassRunner(test);org.junit.internal.runners.JUnit38ClassRunner;1
org.junit.internal.runners.JUnit38ClassRunner;run(runnotifier);org.junit.internal.runners.JUnit38ClassRunner;1
org.junit.internal.runners.JUnit38ClassRunner;getDescription();org.junit.internal.runners.JUnit38ClassRunner;1
org.junit.internal.runners.JUnit38ClassRunner;filter(filter);org.junit.internal.runners.JUnit38ClassRunner;1
org.junit.internal.runners.JUnit38ClassRunner;sort(sorter);org.junit.internal.runners.JUnit38ClassRunner;1
org.junit.internal.runners.JUnit38ClassRunner;setTest(test);org.junit.internal.runners.JUnit38ClassRunner;1
org.junit.internal.runners.JUnit38ClassRunner;getTest();org.junit.internal.runners.JUnit38ClassRunner;1
org.junit.internal.runners.JUnit4ClassRunner;JUnit4ClassRunner(class);org.junit.internal.runners.JUnit4ClassRunner;3
org.junit.internal.runners.JUnit4ClassRunner;getTestMethods();org.junit.internal.runners.JUnit4ClassRunner;1
org.junit.internal.runners.JUnit4ClassRunner;validate();org.junit.internal.runners.JUnit4ClassRunner;1
org.junit.internal.runners.JUnit4ClassRunner;run(runnotifier);org.junit.internal.runners.JUnit4ClassRunner;2
org.junit.internal.runners.JUnit4ClassRunner;runMethods(runnotifier);org.junit.internal.runners.JUnit4ClassRunner;1
org.junit.internal.runners.JUnit4ClassRunner;getDescription();org.junit.internal.runners.JUnit4ClassRunner;2
org.junit.internal.runners.JUnit4ClassRunner;classAnnotations();org.junit.internal.runners.JUnit4ClassRunner;1
org.junit.internal.runners.JUnit4ClassRunner;getName();org.junit.internal.runners.JUnit4ClassRunner;1
org.junit.internal.runners.JUnit4ClassRunner;createTest();org.junit.internal.runners.JUnit4ClassRunner;1
org.junit.internal.runners.JUnit4ClassRunner;invokeTestMethod(method, runnotifier);java.lang.reflect.InvocationTargetException;1
org.junit.internal.runners.JUnit4ClassRunner;wrapMethod(method);org.junit.internal.runners.JUnit4ClassRunner;1
org.junit.internal.runners.JUnit4ClassRunner;testName(method);java.lang.reflect.Method;1
org.junit.internal.runners.JUnit4ClassRunner;methodDescription(method);org.junit.internal.runners.JUnit4ClassRunner;1
org.junit.internal.runners.JUnit4ClassRunner;testAnnotations(method);java.lang.reflect.AccessibleObject;1
org.junit.internal.runners.JUnit4ClassRunner;filter(filter);org.junit.internal.runners.JUnit4ClassRunner;1
org.junit.internal.runners.JUnit4ClassRunner;filter(filter);java.util.List<java.lang.reflect.Method>;1
org.junit.internal.runners.JUnit4ClassRunner;sort(sorter);org.junit.internal.runners.JUnit4ClassRunner;1
org.junit.internal.runners.JUnit4ClassRunner;getTestClass();org.junit.internal.runners.JUnit4ClassRunner;1
org.junit.internal.runners.MethodValidator;MethodValidator(testclass);org.junit.internal.runners.MethodValidator;1
org.junit.internal.runners.MethodValidator;validateInstanceMethods();org.junit.internal.runners.MethodValidator;2
org.junit.internal.runners.MethodValidator;validateMethodsForDefaultRunner();org.junit.internal.runners.MethodValidator;1
org.junit.internal.runners.MethodValidator;assertValid();java.util.List<java.lang.Throwable>;1
org.junit.internal.runners.MethodValidator;assertValid();org.junit.internal.runners.MethodValidator;1
org.junit.internal.runners.MethodValidator;validateNoArgConstructor();org.junit.internal.runners.MethodValidator;2
org.junit.internal.runners.MethodValidator;validateTestMethods(annotation, boolean);java.lang.Void;1
org.junit.internal.runners.MethodValidator;validateTestMethods(annotation, boolean);org.junit.internal.runners.MethodValidator;2
org.junit.internal.runners.MethodValidator;validateTestMethods(annotation, boolean);java.lang.reflect.Modifier;2
org.junit.internal.runners.MethodValidator;validateTestMethods(annotation, boolean);java.lang.Class;2
org.junit.internal.runners.MethodValidator;validateTestMethods(annotation, boolean);java.lang.reflect.Method;5
org.junit.internal.runners.ErrorReportingRunner;ErrorReportingRunner(class, throwable);org.junit.internal.runners.ErrorReportingRunner;3
org.junit.internal.runners.ErrorReportingRunner;getDescription();org.junit.internal.runners.ErrorReportingRunner;2
org.junit.internal.runners.ErrorReportingRunner;run(runnotifier);org.junit.internal.runners.ErrorReportingRunner;1
org.junit.internal.runners.ErrorReportingRunner;getCauses(throwable);java.lang.Throwable;1
org.junit.internal.runners.ErrorReportingRunner;getCauses(throwable);org.junit.internal.runners.ErrorReportingRunner;1
org.junit.internal.runners.ErrorReportingRunner;describeCause(throwable);org.junit.internal.runners.ErrorReportingRunner;1
org.junit.internal.runners.statements.Fail;Fail(throwable);org.junit.internal.runners.statements.Fail;1
org.junit.internal.runners.statements.Fail;evaluate();org.junit.internal.runners.statements.Fail;1
org.junit.internal.runners.statements.FailOnTimeout;FailOnTimeout(long, statement);org.junit.internal.runners.statements.FailOnTimeout;2
org.junit.internal.runners.statements.FailOnTimeout;evaluate();java.lang.Throwable;1
org.junit.internal.runners.statements.FailOnTimeout;evaluate();org.junit.internal.runners.statements.FailOnTimeout;4
org.junit.internal.runners.statements.FailOnTimeout;evaluate();java.lang.Thread;1
org.junit.internal.runners.statements.FailOnTimeout;run();org.junit.internal.runners.statements.FailOnTimeout;3
org.junit.internal.runners.statements.RunBefores;RunBefores(frameworkmethod, object, statement);org.junit.internal.runners.statements.RunBefores;3
org.junit.internal.runners.statements.RunBefores;evaluate();org.junit.internal.runners.statements.RunBefores;3
org.junit.internal.runners.statements.InvokeMethod;InvokeMethod(frameworkmethod, object);org.junit.internal.runners.statements.InvokeMethod;2
org.junit.internal.runners.statements.InvokeMethod;evaluate();org.junit.internal.runners.statements.InvokeMethod;2
org.junit.internal.runners.statements.ExpectException;ExpectException(statement, throwable);org.junit.internal.runners.statements.ExpectException;2
org.junit.internal.runners.statements.ExpectException;evaluate();java.lang.Class<>;2
org.junit.internal.runners.statements.ExpectException;evaluate();java.lang.Class;1
org.junit.internal.runners.statements.ExpectException;evaluate();java.lang.Object;1
org.junit.internal.runners.statements.ExpectException;evaluate();org.junit.internal.runners.statements.ExpectException;2
org.junit.internal.runners.statements.RunAfters;RunAfters(frameworkmethod, object, statement);org.junit.internal.runners.statements.RunAfters;3
org.junit.internal.runners.statements.RunAfters;evaluate();org.junit.internal.runners.statements.RunAfters;3
org.junit.internal.runners.ClassRoadie;ClassRoadie(description, runnable, runnotifier, testclass);org.junit.internal.runners.ClassRoadie;4
org.junit.internal.runners.ClassRoadie;runUnprotected();org.junit.internal.runners.ClassRoadie;1
org.junit.internal.runners.ClassRoadie;addFailure(throwable);org.junit.internal.runners.ClassRoadie;2
org.junit.internal.runners.ClassRoadie;runBefores();org.junit.internal.runners.ClassRoadie;1
org.junit.internal.runners.ClassRoadie;runBefores();java.lang.reflect.InvocationTargetException;1
org.junit.internal.runners.ClassRoadie;runAfters();org.junit.internal.runners.ClassRoadie;1
org.junit.internal.runners.ClassRoadie;runAfters();java.lang.reflect.InvocationTargetException;1
org.junit.internal.runners.model.ReflectiveCallable;run();java.lang.reflect.InvocationTargetException;1
org.junit.internal.runners.model.EachTestNotifier;EachTestNotifier(description, runnotifier);org.junit.internal.runners.model.EachTestNotifier;2
org.junit.internal.runners.model.EachTestNotifier;addFailure(throwable);org.junit.internal.runners.model.EachTestNotifier;2
org.junit.internal.runners.model.EachTestNotifier;addFailedAssumption(assumptionviolatedexception);org.junit.internal.runners.model.EachTestNotifier;2
org.junit.internal.runners.model.EachTestNotifier;fireTestFinished();org.junit.internal.runners.model.EachTestNotifier;2
org.junit.internal.runners.model.EachTestNotifier;fireTestStarted();org.junit.internal.runners.model.EachTestNotifier;2
org.junit.internal.runners.model.EachTestNotifier;fireTestIgnored();org.junit.internal.runners.model.EachTestNotifier;2
org.junit.internal.runners.model.MultipleFailureException;MultipleFailureException(throwable);org.junit.internal.runners.model.MultipleFailureException;1
org.junit.internal.runners.model.MultipleFailureException;getFailures();org.junit.internal.runners.model.MultipleFailureException;1
org.junit.internal.runners.model.MultipleFailureException;assertEmpty(throwable);java.util.List<java.lang.Throwable>;1
org.junit.internal.runners.SuiteMethod;testFromSuiteMethod(class);java.lang.Class<>;2
org.junit.internal.runners.SuiteMethod;testFromSuiteMethod(class);java.lang.reflect.Modifier;1
org.junit.internal.runners.SuiteMethod;testFromSuiteMethod(class);java.lang.reflect.Method;1
org.junit.internal.runners.SuiteMethod;testFromSuiteMethod(class);java.lang.reflect.InvocationTargetException;1
org.junit.internal.runners.InitializationError;InitializationError(throwable);org.junit.internal.runners.InitializationError;1
org.junit.internal.runners.InitializationError;getCauses();org.junit.internal.runners.InitializationError;1
org.junit.internal.matchers.SubstringMatcher;SubstringMatcher(string);org.junit.internal.matchers.SubstringMatcher;1
org.junit.internal.matchers.SubstringMatcher;describeTo(description);org.junit.internal.matchers.SubstringMatcher;1
org.junit.internal.matchers.CombinableMatcher;CombinableMatcher(matcher);org.junit.internal.matchers.CombinableMatcher;1
org.junit.internal.matchers.CombinableMatcher;matches(object);org.junit.internal.matchers.CombinableMatcher;1
org.junit.internal.matchers.CombinableMatcher;describeTo(description);org.junit.internal.matchers.CombinableMatcher;1
org.junit.internal.matchers.CombinableMatcher;and(matcher);org.junit.internal.matchers.CombinableMatcher;1
org.junit.internal.matchers.CombinableMatcher;or(matcher);org.junit.internal.matchers.CombinableMatcher;1
org.junit.internal.matchers.IsCollectionContaining;IsCollectionContaining(matcher);org.junit.internal.matchers.IsCollectionContaining;1
org.junit.internal.matchers.IsCollectionContaining;matchesSafely(java.lang.Iterable<T>);org.junit.internal.matchers.IsCollectionContaining;1
org.junit.internal.matchers.IsCollectionContaining;describeTo(description);org.junit.internal.matchers.IsCollectionContaining;1
org.junit.internal.matchers.TypeSafeMatcher;TypeSafeMatcher();org.junit.internal.matchers.TypeSafeMatcher;1
org.junit.internal.matchers.TypeSafeMatcher;TypeSafeMatcher();java.lang.Object;1
org.junit.internal.matchers.TypeSafeMatcher;findExpectedType(class);java.lang.Class<>;2
org.junit.internal.matchers.TypeSafeMatcher;findExpectedType(class);org.junit.internal.matchers.TypeSafeMatcher;1
org.junit.internal.matchers.TypeSafeMatcher;findExpectedType(class);java.lang.reflect.Method;1
org.junit.internal.matchers.TypeSafeMatcher;isMatchesSafelyMethod(method);java.lang.reflect.Method;3
org.junit.internal.matchers.TypeSafeMatcher;TypeSafeMatcher(java.lang.Class<T>);org.junit.internal.matchers.TypeSafeMatcher;1
org.junit.internal.matchers.TypeSafeMatcher;matches(object);java.lang.Class<>;1
org.junit.internal.matchers.TypeSafeMatcher;matches(object);org.junit.internal.matchers.TypeSafeMatcher;1
org.junit.Assert;assertEquals(object, object, string);org.junit.Assert;1
org.junit.Assert;formatClassAndValue(object, string);java.lang.Class;1
org.junit.Assert;formatClassAndValue(object, string);java.lang.Object;1
org.junit.rules.TestName;starting(description);org.junit.rules.TestName;1
org.junit.rules.TestName;getMethodName();org.junit.rules.TestName;1
org.junit.rules.ErrorCollector;verify();org.junit.rules.ErrorCollector;1
org.junit.rules.ErrorCollector;addError(throwable);org.junit.rules.ErrorCollector;1
org.junit.rules.Timeout;Timeout(int);org.junit.rules.Timeout;1
org.junit.rules.Timeout;apply(description, statement);org.junit.rules.Timeout;1
org.junit.rules.TemporaryFolder;create();org.junit.rules.TemporaryFolder;1
org.junit.rules.TemporaryFolder;newFile(string);org.junit.rules.TemporaryFolder;1
org.junit.rules.TemporaryFolder;newFolder(string);org.junit.rules.TemporaryFolder;1
org.junit.rules.TemporaryFolder;getRoot();org.junit.rules.TemporaryFolder;1
org.junit.rules.TemporaryFolder;delete();org.junit.rules.TemporaryFolder;1
org.junit.rules.ExpectedException;expect(matcher);org.junit.rules.ExpectedException;1
org.junit.rules.ExpectedException;ExpectedExceptionStatement(statement);org.junit.rules.ExpectedException;1
org.junit.rules.ExpectedException;evaluate();org.junit.rules.ExpectedException;2
org.junit.rules.ExpectedException;hasMessage(matcher);java.lang.Throwable;1
org.junit.rules.ExpectedException;matchesSafely(throwable);java.lang.Throwable;1
org.junit.runners.Parameterized;TestClassRunnerForParameters(class, int, object);org.junit.runners.Parameterized;2
org.junit.runners.Parameterized;computeParams();org.junit.runners.Parameterized;3
org.junit.runners.Parameterized;getName();org.junit.runners.Parameterized;1
org.junit.runners.Parameterized;testName(frameworkmethod);org.junit.runners.Parameterized;1
org.junit.runners.Parameterized;Parameterized(class);org.junit.runners.Parameterized;2
org.junit.runners.Parameterized;getChildren();org.junit.runners.Parameterized;1
org.junit.runners.Parameterized;getParametersList(testclass);org.junit.runners.Parameterized;1
org.junit.runners.Parameterized;getParametersMethod(testclass);java.lang.reflect.Modifier;2
org.junit.runners.Suite;getAnnotatedClasses(class);java.lang.Class<>;2
org.junit.runners.Suite;Suite(class, runnerbuilder);org.junit.runners.Suite;1
org.junit.runners.Suite;Suite(class, runner);org.junit.runners.Suite;1
org.junit.runners.Suite;getChildren();org.junit.runners.Suite;1
org.junit.runners.model.TestClass;TestClass(class);org.junit.runners.model.TestClass;4
org.junit.runners.model.TestClass;TestClass(class);java.lang.Class<>;3
org.junit.runners.model.TestClass;addToAnnotationLists(T,java.util.Map<java.lang.Class<?>,java.util.List<T>>);org.junit.runners.model.TestClass;1
org.junit.runners.model.TestClass;getAnnotatedMethods(annotation);org.junit.runners.model.TestClass;2
org.junit.runners.model.TestClass;getAnnotatedFields(annotation);org.junit.runners.model.TestClass;2
org.junit.runners.model.TestClass;getSuperClasses(class);java.lang.Class<>;1
org.junit.runners.model.TestClass;getJavaClass();org.junit.runners.model.TestClass;1
org.junit.runners.model.TestClass;getName();org.junit.runners.model.TestClass;1
org.junit.runners.model.TestClass;getName();java.lang.Class<>;1
org.junit.runners.model.TestClass;getOnlyConstructor();org.junit.runners.model.TestClass;1
org.junit.runners.model.TestClass;getOnlyConstructor();java.lang.Class<>;1
org.junit.runners.model.TestClass;getAnnotations();org.junit.runners.model.TestClass;1
org.junit.runners.model.TestClass;getAnnotations();java.lang.Class<>;1
org.junit.runners.model.TestClass;getAnnotatedFieldValues(java.lang.Object,java.lang.Class<? extends java.lang.annotation.Annotation>,java.lang.Class<T>);java.lang.Class<T>;1
org.junit.runners.model.TestClass;getAnnotatedFieldValues(java.lang.Object,java.lang.Class<? extends java.lang.annotation.Annotation>,java.lang.Class<T>);org.junit.runners.model.TestClass;1
org.junit.runners.model.FrameworkMember;isShadowedBy(java.util.List<T>);org.junit.runners.model.FrameworkMember;1
org.junit.runners.model.FrameworkField;FrameworkField(field);org.junit.runners.model.FrameworkField;1
org.junit.runners.model.FrameworkField;getAnnotations();java.lang.reflect.AccessibleObject;1
org.junit.runners.model.FrameworkField;getAnnotations();org.junit.runners.model.FrameworkField;1
org.junit.runners.model.FrameworkField;isShadowedBy(frameworkfield);java.lang.reflect.Field;1
org.junit.runners.model.FrameworkField;isShadowedBy(frameworkfield);org.junit.runners.model.FrameworkField;1
org.junit.runners.model.FrameworkField;getField();org.junit.runners.model.FrameworkField;1
org.junit.runners.model.FrameworkField;getType();java.lang.reflect.Field;1
org.junit.runners.model.FrameworkField;getType();org.junit.runners.model.FrameworkField;1
org.junit.runners.model.FrameworkField;get(object);org.junit.runners.model.FrameworkField;1
org.junit.runners.model.FrameworkMethod;FrameworkMethod(method);org.junit.runners.model.FrameworkMethod;1
org.junit.runners.model.FrameworkMethod;getMethod();org.junit.runners.model.FrameworkMethod;1
org.junit.runners.model.FrameworkMethod;invokeExplosively(object, object);org.junit.runners.model.FrameworkMethod;1
org.junit.runners.model.FrameworkMethod;runReflectiveCall();org.junit.runners.model.FrameworkMethod;1
org.junit.runners.model.FrameworkMethod;getName();org.junit.runners.model.FrameworkMethod;1
org.junit.runners.model.FrameworkMethod;getName();java.lang.reflect.Method;1
org.junit.runners.model.FrameworkMethod;validatePublicVoidNoArg(boolean, throwable);org.junit.runners.model.FrameworkMethod;1
org.junit.runners.model.FrameworkMethod;validatePublicVoidNoArg(boolean, throwable);java.lang.reflect.Method;2
org.junit.runners.model.FrameworkMethod;validatePublicVoid(boolean, throwable);java.lang.Void;1
org.junit.runners.model.FrameworkMethod;validatePublicVoid(boolean, throwable);org.junit.runners.model.FrameworkMethod;1
org.junit.runners.model.FrameworkMethod;validatePublicVoid(boolean, throwable);java.lang.reflect.Modifier;2
org.junit.runners.model.FrameworkMethod;validatePublicVoid(boolean, throwable);java.lang.Class;2
org.junit.runners.model.FrameworkMethod;validatePublicVoid(boolean, throwable);java.lang.reflect.Method;4
org.junit.runners.model.FrameworkMethod;isShadowedBy(frameworkmethod);org.junit.runners.model.FrameworkMethod;2
org.junit.runners.model.FrameworkMethod;equals(object);org.junit.runners.model.FrameworkMethod;1
org.junit.runners.model.FrameworkMethod;equals(object);java.lang.Class;1
org.junit.runners.model.FrameworkMethod;hashCode();org.junit.runners.model.FrameworkMethod;1
org.junit.runners.model.FrameworkMethod;producesType(class);org.junit.runners.model.FrameworkMethod;2
org.junit.runners.model.FrameworkMethod;producesType(class);java.lang.Class<>;1
org.junit.runners.model.FrameworkMethod;producesType(class);java.lang.reflect.Method;1
org.junit.runners.model.FrameworkMethod;getParameterTypes();org.junit.runners.model.FrameworkMethod;1
org.junit.runners.model.FrameworkMethod;getParameterTypes();java.lang.reflect.Method;1
org.junit.runners.model.FrameworkMethod;getAnnotations();java.lang.reflect.AccessibleObject;1
org.junit.runners.model.FrameworkMethod;getAnnotations();org.junit.runners.model.FrameworkMethod;1
org.junit.runners.model.FrameworkMethod;getAnnotation(java.lang.Class<T>);org.junit.runners.model.FrameworkMethod;1
org.junit.runners.model.FrameworkMethod;getAnnotation(java.lang.Class<T>);java.lang.reflect.Method;1
org.junit.runners.model.InitializationError;InitializationError(throwable);org.junit.runners.model.InitializationError;1
org.junit.runners.model.InitializationError;getCauses();org.junit.runners.model.InitializationError;1
org.junit.runners.model.RunnerBuilder;addParent(class);org.junit.runners.model.RunnerBuilder;1
org.junit.runners.model.RunnerBuilder;addParent(class);java.lang.Class<>;1
org.junit.runners.model.RunnerBuilder;removeParent(class);org.junit.runners.model.RunnerBuilder;1
org.junit.runners.BlockJUnit4ClassRunner;validateRuleField(field, throwable);org.junit.runners.BlockJUnit4ClassRunner;2
org.junit.runners.BlockJUnit4ClassRunner;validateRuleField(field, throwable);java.lang.reflect.Modifier;1
org.junit.runners.BlockJUnit4ClassRunner;validateRuleField(field, throwable);java.lang.reflect.Field;3
org.junit.runners.BlockJUnit4ClassRunner;isTestRule(class);java.lang.Class;1
org.junit.runners.BlockJUnit4ClassRunner;isMethodRule(class);java.lang.Class;1
org.junit.runners.BlockJUnit4ClassRunner;possiblyExpectingExceptions(frameworkmethod, object, statement);org.junit.runners.BlockJUnit4ClassRunner;1
org.junit.runners.BlockJUnit4ClassRunner;withPotentialTimeout(frameworkmethod, object, statement);org.junit.runners.BlockJUnit4ClassRunner;1
org.junit.runners.BlockJUnit4ClassRunner;withMethodRules(frameworkmethod, object, statement);org.junit.runners.BlockJUnit4ClassRunner;2
org.junit.runners.BlockJUnit4ClassRunner;withTestRules(frameworkmethod, object, statement);org.junit.runners.BlockJUnit4ClassRunner;1
org.junit.runners.BlockJUnit4ClassRunner;expectsException(test);org.junit.runners.BlockJUnit4ClassRunner;1
org.junit.runners.ParentRunner;ParentRunner(class);org.junit.runners.ParentRunner;1
org.junit.runners.ParentRunner;validatePublicVoidNoArgMethods(annotation, boolean, throwable);org.junit.runners.ParentRunner;1
org.junit.runners.ParentRunner;withBeforeClasses(statement);org.junit.runners.ParentRunner;1
org.junit.runners.ParentRunner;withAfterClasses(statement);org.junit.runners.ParentRunner;1
org.junit.runners.ParentRunner;withClassRules(statement);org.junit.runners.ParentRunner;1
org.junit.runners.ParentRunner;classRules();org.junit.runners.ParentRunner;1
org.junit.runners.ParentRunner;classRuleFields();org.junit.runners.ParentRunner;1
org.junit.runners.ParentRunner;runChildren(runnotifier);org.junit.runners.ParentRunner;2
org.junit.runners.ParentRunner;getName();org.junit.runners.ParentRunner;1
org.junit.runners.ParentRunner;getTestClass();org.junit.runners.ParentRunner;1
org.junit.runners.ParentRunner;getDescription();org.junit.runners.ParentRunner;3
org.junit.runners.ParentRunner;run(runnotifier);org.junit.runners.ParentRunner;1
org.junit.runners.ParentRunner;filter(filter);org.junit.runners.ParentRunner;2
org.junit.runners.ParentRunner;sort(sorter);org.junit.runners.ParentRunner;1
org.junit.runners.ParentRunner;validate();java.util.List<java.lang.Throwable>;1
org.junit.runners.ParentRunner;getFilteredChildren();org.junit.runners.ParentRunner;1
org.junit.runners.ParentRunner;sortChild(t);org.junit.runners.ParentRunner;1
org.junit.runners.ParentRunner;filterChild(t);org.junit.runners.ParentRunner;1
org.junit.runners.ParentRunner;shouldRun(t);org.junit.runners.ParentRunner;1
org.junit.runners.ParentRunner;comparator();org.junit.runners.ParentRunner;1
org.junit.runners.ParentRunner;compare(t, t);org.junit.runners.ParentRunner;1
org.junit.runners.ParentRunner;setScheduler(runnerscheduler);org.junit.runners.ParentRunner;1
