Snapshot;Date;Entity;ChangeType
38fc0cf9d7e38258009f1a053d35827e24563de6;7 Nov 2012;com.android.volley.AuthFailureError;D
38fc0cf9d7e38258009f1a053d35827e24563de6;7 Nov 2012;com.android.volley.Cache;D
38fc0cf9d7e38258009f1a053d35827e24563de6;7 Nov 2012;com.android.volley.CacheDispatcher;D
38fc0cf9d7e38258009f1a053d35827e24563de6;7 Nov 2012;com.android.volley.DefaultRetryPolicy;D
38fc0cf9d7e38258009f1a053d35827e24563de6;7 Nov 2012;com.android.volley.ExecutorDelivery;D
38fc0cf9d7e38258009f1a053d35827e24563de6;7 Nov 2012;com.android.volley.Network;D
38fc0cf9d7e38258009f1a053d35827e24563de6;7 Nov 2012;com.android.volley.NetworkDispatcher;D
38fc0cf9d7e38258009f1a053d35827e24563de6;7 Nov 2012;com.android.volley.NetworkError;D
38fc0cf9d7e38258009f1a053d35827e24563de6;7 Nov 2012;com.android.volley.NetworkResponse;D
38fc0cf9d7e38258009f1a053d35827e24563de6;7 Nov 2012;com.android.volley.NoConnectionError;D
38fc0cf9d7e38258009f1a053d35827e24563de6;7 Nov 2012;com.android.volley.ParseError;D
38fc0cf9d7e38258009f1a053d35827e24563de6;7 Nov 2012;com.android.volley.Request;D
38fc0cf9d7e38258009f1a053d35827e24563de6;7 Nov 2012;com.android.volley.RequestQueue;D
38fc0cf9d7e38258009f1a053d35827e24563de6;7 Nov 2012;com.android.volley.Response;D
38fc0cf9d7e38258009f1a053d35827e24563de6;7 Nov 2012;com.android.volley.ResponseDelivery;D
38fc0cf9d7e38258009f1a053d35827e24563de6;7 Nov 2012;com.android.volley.RetryPolicy;D
38fc0cf9d7e38258009f1a053d35827e24563de6;7 Nov 2012;com.android.volley.ServerError;D
38fc0cf9d7e38258009f1a053d35827e24563de6;7 Nov 2012;com.android.volley.TimeoutError;D
38fc0cf9d7e38258009f1a053d35827e24563de6;7 Nov 2012;com.android.volley.VolleyError;D
38fc0cf9d7e38258009f1a053d35827e24563de6;7 Nov 2012;com.android.volley.VolleyLog;D
38fc0cf9d7e38258009f1a053d35827e24563de6;7 Nov 2012;com.android.volley.toolbox.AndroidAuthenticator;D
38fc0cf9d7e38258009f1a053d35827e24563de6;7 Nov 2012;com.android.volley.toolbox.Authenticator;D
38fc0cf9d7e38258009f1a053d35827e24563de6;7 Nov 2012;com.android.volley.toolbox.BasicNetwork;D
38fc0cf9d7e38258009f1a053d35827e24563de6;7 Nov 2012;com.android.volley.toolbox.ByteArrayPool;D
38fc0cf9d7e38258009f1a053d35827e24563de6;7 Nov 2012;com.android.volley.toolbox.ClearCacheRequest;D
38fc0cf9d7e38258009f1a053d35827e24563de6;7 Nov 2012;com.android.volley.toolbox.DiskBasedCache;D
38fc0cf9d7e38258009f1a053d35827e24563de6;7 Nov 2012;com.android.volley.toolbox.HttpClientStack;D
38fc0cf9d7e38258009f1a053d35827e24563de6;7 Nov 2012;com.android.volley.toolbox.HttpHeaderParser;D
38fc0cf9d7e38258009f1a053d35827e24563de6;7 Nov 2012;com.android.volley.toolbox.HttpStack;D
38fc0cf9d7e38258009f1a053d35827e24563de6;7 Nov 2012;com.android.volley.toolbox.HurlStack;D
38fc0cf9d7e38258009f1a053d35827e24563de6;7 Nov 2012;com.android.volley.toolbox.ImageRequest;D
38fc0cf9d7e38258009f1a053d35827e24563de6;7 Nov 2012;com.android.volley.toolbox.JsonArrayRequest;D
38fc0cf9d7e38258009f1a053d35827e24563de6;7 Nov 2012;com.android.volley.toolbox.JsonObjectRequest;D
38fc0cf9d7e38258009f1a053d35827e24563de6;7 Nov 2012;com.android.volley.toolbox.JsonRequest;D
38fc0cf9d7e38258009f1a053d35827e24563de6;7 Nov 2012;com.android.volley.toolbox.NoCache;D
38fc0cf9d7e38258009f1a053d35827e24563de6;7 Nov 2012;com.android.volley.toolbox.PoolingByteArrayOutputStream;D
38fc0cf9d7e38258009f1a053d35827e24563de6;7 Nov 2012;com.android.volley.toolbox.StringRequest;D
38fc0cf9d7e38258009f1a053d35827e24563de6;7 Nov 2012;com.android.volley.CacheDispatcherTest;D
38fc0cf9d7e38258009f1a053d35827e24563de6;7 Nov 2012;com.android.volley.NetworkDispatcherTest;D
38fc0cf9d7e38258009f1a053d35827e24563de6;7 Nov 2012;com.android.volley.RequestQueueTest;D
38fc0cf9d7e38258009f1a053d35827e24563de6;7 Nov 2012;com.android.volley.RequestTest;D
38fc0cf9d7e38258009f1a053d35827e24563de6;7 Nov 2012;com.android.volley.ResponseDeliveryTest;D
38fc0cf9d7e38258009f1a053d35827e24563de6;7 Nov 2012;com.android.volley.mock.MockCache;D
38fc0cf9d7e38258009f1a053d35827e24563de6;7 Nov 2012;com.android.volley.mock.MockHttpClient;D
38fc0cf9d7e38258009f1a053d35827e24563de6;7 Nov 2012;com.android.volley.mock.MockHttpStack;D
38fc0cf9d7e38258009f1a053d35827e24563de6;7 Nov 2012;com.android.volley.mock.MockNetwork;D
38fc0cf9d7e38258009f1a053d35827e24563de6;7 Nov 2012;com.android.volley.mock.MockRequest;D
38fc0cf9d7e38258009f1a053d35827e24563de6;7 Nov 2012;com.android.volley.mock.MockResponseDelivery;D
38fc0cf9d7e38258009f1a053d35827e24563de6;7 Nov 2012;com.android.volley.mock.WaitableQueue;D
38fc0cf9d7e38258009f1a053d35827e24563de6;7 Nov 2012;com.android.volley.toolbox.BasicNetworkTest;D
38fc0cf9d7e38258009f1a053d35827e24563de6;7 Nov 2012;com.android.volley.toolbox.HttpHeaderParserTest;D
38fc0cf9d7e38258009f1a053d35827e24563de6;7 Nov 2012;com.android.volley.toolbox.ImageRequestTest;D
38fc0cf9d7e38258009f1a053d35827e24563de6;7 Nov 2012;com.android.volley.toolbox.PoolingByteArrayOutputStreamTest;D
38fc0cf9d7e38258009f1a053d35827e24563de6;7 Nov 2012;com.android.volley.utils.CacheTestUtils;D
38fc0cf9d7e38258009f1a053d35827e24563de6;7 Nov 2012;com.android.volley.utils.ImmediateResponseDelivery;D
42314986b8ce48f00fd176e71d84d96149fdcc07;9 Oct 2012;android.support.v4.view.ViewPager;M
080df8ffb0920eccb300baa39180eb956a000a53;28 Aug 2012;android.support.v4.app.NotificationCompat;M
40f36156156b6aedaf47e65f403212136c7cd7b9;23 Aug 2012;android.support.v4.view.PagerTitleStrip;M
4295e22421c26dd4f24cc0780a594d08a74a5cca;23 Aug 2012;android.support.v4.view.PagerTitleStrip;M
b41a213761ff07de2fcfdaf16790fdcca1a1ee1b;1 Aug 2012;android.support.v4.app.NotificationCompat;M
6d6186b9a2503200844febe1b8ba083206c7cbcd;28 Jul 2012;android.support.v13.app.FragmentStatePagerAdapter;M
6d6186b9a2503200844febe1b8ba083206c7cbcd;28 Jul 2012;android.support.v4.app.FragmentStatePagerAdapter;M
f021758934b35e3b842c6799344531d7ea2969da;29 Jun 2012;android.support.v4.app.NotificationCompatIceCreamSandwich;A
f021758934b35e3b842c6799344531d7ea2969da;29 Jun 2012;android.support.v4.app.NotificationCompat;M
f021758934b35e3b842c6799344531d7ea2969da;29 Jun 2012;android.support.v4.app.NotificationCompatJellybean;A
464b6f3c93dda03359ec2d37c8205065922f2994;19 Jun 2012;android.support.v4.app.FragmentManager;M
e51e5bb5127788c605cc2e0cb2a57a6cddaa065a;17 Jun 2012;android.support.v4.view.accessibility.AccessibilityNodeProviderCompat;M
e51e5bb5127788c605cc2e0cb2a57a6cddaa065a;17 Jun 2012;android.support.v4.view.accessibility.AccessibilityNodeProviderCompatJellyBean;M
76ca3a4abf437c04003bacff72491409f8898a18;15 Jun 2012;android.support.v4.view.accessibility.AccessibilityNodeInfoCompat;M
76ca3a4abf437c04003bacff72491409f8898a18;15 Jun 2012;android.support.v4.view.accessibility.AccessibilityNodeProviderCompat;M
575e098da5bc16ff8b95ca080284253fd206fe12;12 Jun 2012;android.support.v4.app.ActivityCompatHoneycomb;M
575e098da5bc16ff8b95ca080284253fd206fe12;12 Jun 2012;android.support.v4.content.ContextCompatHoneycomb;A
575e098da5bc16ff8b95ca080284253fd206fe12;12 Jun 2012;android.support.v4.app.ActivityCompat;M
575e098da5bc16ff8b95ca080284253fd206fe12;12 Jun 2012;android.support.v4.app.TaskStackBuilder;M
575e098da5bc16ff8b95ca080284253fd206fe12;12 Jun 2012;android.support.v4.content.ContextCompat;A
575e098da5bc16ff8b95ca080284253fd206fe12;12 Jun 2012;android.support.v4.app.ActivityCompatJellybean;D
575e098da5bc16ff8b95ca080284253fd206fe12;12 Jun 2012;android.support.v4.content.ContextCompatJellybean;A
efea2e772645ccd2d0de3e92fa8382d5444eab11;6 Jun 2012;android.support.v4.view.ViewPager;M
dd24aab287e08428b20270b9f12921af13fbd72b;5 Jun 2012;android.support.v4.view.ViewPager;M
5506618c80a292ac275d8b0c1046b446c7f58836;5 Jun 2012;android.support.v4.app.BackStackRecord;M
5506618c80a292ac275d8b0c1046b446c7f58836;5 Jun 2012;android.support.v4.app.Fragment;M
5506618c80a292ac275d8b0c1046b446c7f58836;5 Jun 2012;android.support.v4.app.FragmentManager;M
6e7700ca575523895f8ebc5696e3e57aeccf30c0;4 Jun 2012;android.support.v4.view.ViewPager;M
8d3dd8427b57f463f0d4959c0ad8796008472caa;3 Jun 2012;android.support.v4.view.PagerTitleStrip;M
8d3dd8427b57f463f0d4959c0ad8796008472caa;3 Jun 2012;android.support.v4.view.ViewPager;M
1b913519b1c03b084779851e81db2e1a11eb0b0d;30 May 2012;android.support.v4.app.FragmentManager;M
1e37da8d4fbd23a4440f32eba784520dc7a03265;21 May 2012;android.support.v4.view.PagerTitleStripIcs;A
1e37da8d4fbd23a4440f32eba784520dc7a03265;21 May 2012;android.support.v4.view.PagerTabStrip;M
1e37da8d4fbd23a4440f32eba784520dc7a03265;21 May 2012;android.support.v4.view.PagerTitleStrip;M
a56d6faa9df608aaa2907864669800abb68acec7;15 May 2012;android.support.v4.view.ViewPager;M
be2c79d9a5439922030d2a3846c81c61f0e16912;15 May 2012;android.support.v4.app.Fragment;M
be2c79d9a5439922030d2a3846c81c61f0e16912;15 May 2012;android.support.v4.app.FragmentManager;M
b1d4cb28db8b08974b651665bf4d1a7926c17b9c;15 May 2012;android.support.v4.view.accessibility.AccessibilityEventCompat;M
b1d4cb28db8b08974b651665bf4d1a7926c17b9c;15 May 2012;android.support.v4.view.accessibility.AccessibilityNodeProviderCompat;M
b1d4cb28db8b08974b651665bf4d1a7926c17b9c;15 May 2012;android.support.v4.view.accessibility.AccessibilityNodeProviderCompatJellyBean;M
989cd2fb6badb029b74cf4c88bbf74b1d912bdca;15 May 2012;android.support.v4.view.AccessibilityDelegateCompat;M
e13cf48dc33e3865794d145ae8f4daed0bb2274b;15 May 2012;android.support.v4.view.ViewCompat;M
25121559b53b9f6c7ef7159203d42e11b9aee281;15 May 2012;android.support.v4.view.AccessibilityDelegateCompat;M
25121559b53b9f6c7ef7159203d42e11b9aee281;15 May 2012;android.support.v4.view.ViewCompat;M
25121559b53b9f6c7ef7159203d42e11b9aee281;15 May 2012;android.support.v4.view.ViewPager;M
25121559b53b9f6c7ef7159203d42e11b9aee281;15 May 2012;android.support.v4.view.AccessibilityDelegateCompatJellyBean;M
25121559b53b9f6c7ef7159203d42e11b9aee281;15 May 2012;android.support.v4.view.ViewCompatJB;M
66957a1e997dde850701ee96a3aa7b7c1444d67f;14 May 2012;android.support.v4.app.ShareCompat;M
24cc55cb5775a71ff144a3588003fa8e52951c7d;13 May 2012;android.support.v4.view.PagerTabStrip;A
24cc55cb5775a71ff144a3588003fa8e52951c7d;13 May 2012;android.support.v4.view.PagerTitleStrip;M
f3ed7c56e6c409d27c60f7d74c026906593c21d4;13 May 2012;android.support.v4.view.AccessibilityDelegateCompat;M
f3ed7c56e6c409d27c60f7d74c026906593c21d4;13 May 2012;android.support.v4.view.accessibility.AccessibilityNodeInfoCompat;M
f3ed7c56e6c409d27c60f7d74c026906593c21d4;13 May 2012;android.support.v4.view.accessibility.AccessibilityNodeProviderCompat;M
f3ed7c56e6c409d27c60f7d74c026906593c21d4;13 May 2012;android.support.v4.view.accessibility.AccessibilityRecordCompat;M
8f19b17dbc34bfc7e5caacbf83a7099e5cb5a47c;13 May 2012;android.support.v4.view.ViewPager;M
d84ef6c972b75c0ddeee88db2d66d40fff7519a8;13 May 2012;android.support.v4.view.ViewPager;M
70e96ebf69f91da84681a6263b3862c63d53ab11;10 May 2012;android.support.v4.view.accessibility.AccessibilityNodeInfoCompat;M
70e96ebf69f91da84681a6263b3862c63d53ab11;10 May 2012;android.support.v4.view.accessibility.AccessibilityNodeInfoCompatJellyBean;M
1e300b0aca2f34bfe65885c5405044cfe5585224;10 May 2012;android.support.v4.view.ViewPager;M
1a1c2acbc15f8bc9dba05d09dcb18e340474e1c6;10 May 2012;android.support.v13.app.FragmentPagerAdapter;M
1a1c2acbc15f8bc9dba05d09dcb18e340474e1c6;10 May 2012;android.support.v4.app.FragmentPagerAdapter;M
1a1c2acbc15f8bc9dba05d09dcb18e340474e1c6;10 May 2012;android.support.v4.view.ViewPager;M
5f6568e7e269783e2668527461878cadfbe65215;9 May 2012;android.support.v4.view.PagerTitleStrip;M
5f6568e7e269783e2668527461878cadfbe65215;9 May 2012;android.support.v4.view.ViewPager;M
000bc861de12bc3a26f69135ac224e1eb8106f4f;9 May 2012;android.support.v4.view.accessibility.AccessibilityNodeInfoCompat;M
000bc861de12bc3a26f69135ac224e1eb8106f4f;9 May 2012;android.support.v4.view.accessibility.AccessibilityNodeInfoCompatJellyBean;M
a8335a99a83ddc6ba2c649c6ef47f84927d9e17d;9 May 2012;android.support.v4.view.accessibility.AccessibilityNodeInfoCompat;M
a8335a99a83ddc6ba2c649c6ef47f84927d9e17d;9 May 2012;android.support.v4.view.accessibility.AccessibilityNodeInfoCompatJellyBean;M
82971b1050c50d3be5b2cbc285c74076e6763892;2 May 2012;android.support.v4.view.PagerTitleStrip;M
0306ebc908d5dcf148aa319a9734b419eacb23b5;1 May 2012;android.support.v4.app.ActivityCompat;M
0306ebc908d5dcf148aa319a9734b419eacb23b5;1 May 2012;android.support.v4.app.TaskStackBuilder;M
0306ebc908d5dcf148aa319a9734b419eacb23b5;1 May 2012;android.support.v4.app.ActivityCompatJellybean;A
0306ebc908d5dcf148aa319a9734b419eacb23b5;1 May 2012;android.support.v4.app.TaskStackBuilderJellybean;A
b54e36f277c74881f85f6ab399431b1c8d9ef35c;30 Apr 2012;android.support.v4.widget.StaggeredGridView;D
4eda2e4131199633668381b0299f688e720fcf63;24 Apr 2012;android.support.v7.gridlayout.BuildConfig;A
4eda2e4131199633668381b0299f688e720fcf63;24 Apr 2012;android.support.v7.gridlayout.R;A
4eda2e4131199633668381b0299f688e720fcf63;24 Apr 2012;android.support.v7.gridlayout.BuildConfig;D
4eda2e4131199633668381b0299f688e720fcf63;24 Apr 2012;android.support.v7.gridlayout.R;D
57ff0548ba991652576d81adaaa8baf4c028de39;23 Apr 2012;android.support.v4.app.NavUtils;M
57ff0548ba991652576d81adaaa8baf4c028de39;23 Apr 2012;android.support.v4.app.NavUtilsJB;A
d16944cf0ad052b56562a56886fed92afbb9b09f;20 Apr 2012;android.support.v4.view.accessibility.AccessibilityNodeProviderCompat;M
d16944cf0ad052b56562a56886fed92afbb9b09f;20 Apr 2012;android.support.v4.view.accessibility.AccessibilityNodeProviderCompatJellyBean;M
5d79c2b6211936177817f2492816c1dba76dac3e;20 Apr 2012;android.support.v4.net.ConnectivityManagerCompatGingerbread;A
5d79c2b6211936177817f2492816c1dba76dac3e;20 Apr 2012;android.support.v4.net.ConnectivityManagerCompatHoneycombMR2;A
5d79c2b6211936177817f2492816c1dba76dac3e;20 Apr 2012;android.support.v4.net.ConnectivityManagerCompat;A
5d79c2b6211936177817f2492816c1dba76dac3e;20 Apr 2012;android.support.v4.net.ConnectivityManagerCompatJellyBean;A
4474bc11f64b2b274ca6db5a1e23e8c1d143d5fa;19 Apr 2012;com.android.volley.toolbox.AndroidAuthenticator;M
4474bc11f64b2b274ca6db5a1e23e8c1d143d5fa;19 Apr 2012;com.android.volley.toolbox.Authenticator;M
9e164ff93fd027f51f0f950d9de222a1fbaec112;17 Apr 2012;android.support.v4.app.NotificationCompatHoneycomb;M
cbbd3af2a6fd57ebbe9da9b1c2f42a3c98171bb1;16 Apr 2012;com.android.volley.toolbox.DiskBasedCache;M
9c99b2fd06f73a9689709923f81c6e5a4c67330c;27 Mar 2012;com.android.volley.toolbox.AndroidAuthenticator;M
9c99b2fd06f73a9689709923f81c6e5a4c67330c;27 Mar 2012;com.android.volley.toolbox.Authenticator;M
37c1509886a7897163f70f4645c08ddf0b41632d;13 Apr 2012;android.support.v4.app.ShareCompat;M
37c1509886a7897163f70f4645c08ddf0b41632d;13 Apr 2012;android.support.v4.app.ShareCompatJB;A
200e3384b06670f660b283a5715a331be6d85fd3;13 Apr 2012;android.support.v4.content.IntentCompat;M
c4cbfcb8d044cea99e2471ce5c401cd959b6cdfe;28 Mar 2012;com.android.volley.toolbox.BasicNetwork;M
c4cbfcb8d044cea99e2471ce5c401cd959b6cdfe;28 Mar 2012;com.android.volley.toolbox.ByteArrayPool;A
c4cbfcb8d044cea99e2471ce5c401cd959b6cdfe;28 Mar 2012;com.android.volley.toolbox.DiskBasedCache;M
c4cbfcb8d044cea99e2471ce5c401cd959b6cdfe;28 Mar 2012;com.android.volley.toolbox.PoolingByteArrayOutputStream;A
c4cbfcb8d044cea99e2471ce5c401cd959b6cdfe;28 Mar 2012;com.android.volley.toolbox.PoolingByteArrayOutputStreamTest;A
b469af6dc2f8cda4020a78fb4582c1483089fd6e;12 Apr 2012;android.support.v4.view.ViewPager;M
b469af6dc2f8cda4020a78fb4582c1483089fd6e;12 Apr 2012;android.support.v4.widget.StaggeredGridView;M
ec03704fbb4f0217d4c274d1c6cf56e6ea4dcfbd;11 Apr 2012;android.support.v4.view.ViewCompatHC;A
ec03704fbb4f0217d4c274d1c6cf56e6ea4dcfbd;11 Apr 2012;android.support.v4.view.ViewCompat;M
ec03704fbb4f0217d4c274d1c6cf56e6ea4dcfbd;11 Apr 2012;android.support.v4.view.ViewCompatJB;M
ebc55e37f09dcb8233a22b1cb3889cfd225fa43b;5 Apr 2012;android.support.v4.app.TaskStackBuilder;M
77e2f963d4bcac5e0a4704cd4ea684b04735053e;2 Apr 2012;android.support.v4.widget.StaggeredGridView;M
56a1f598b89d0e65dbd2a2678b66a43f5b7638c2;5 Apr 2012;android.support.v4.app.TaskStackBuilder;M
6b96c2a5aecbb56116667959e43489966e02ff73;30 Mar 2012;android.support.v4.net.TrafficStatsCompatIcs;A
6b96c2a5aecbb56116667959e43489966e02ff73;30 Mar 2012;android.support.v4.net.TrafficStatsCompat;A
19a56e8495477bfd89e4c4913860fdbcb7beb504;24 Mar 2012;com.android.volley.Request;M
19a56e8495477bfd89e4c4913860fdbcb7beb504;24 Mar 2012;com.android.volley.RequestQueue;M
19a56e8495477bfd89e4c4913860fdbcb7beb504;24 Mar 2012;com.android.volley.ResponseDelivery;M
19a56e8495477bfd89e4c4913860fdbcb7beb504;24 Mar 2012;com.android.volley.RequestQueueTest;M
19a56e8495477bfd89e4c4913860fdbcb7beb504;24 Mar 2012;com.android.volley.mock.MockRequest;M
25df93b813befb678835eb040c8158bb5aa8fe8d;19 Mar 2012;android.support.v4.widget.StaggeredGridView;M
121dba12686f0ff01cfe348c43a4f6f0edc18477;19 Mar 2012;android.support.v4.widget.StaggeredGridView;M
346e2f2390f0d743fd10e7d01a015df6b32292cd;28 Feb 2012;android.support.v4.widget.ScrollerCompatIcs;A
346e2f2390f0d743fd10e7d01a015df6b32292cd;28 Feb 2012;android.support.v4.app.FragmentActivity;M
346e2f2390f0d743fd10e7d01a015df6b32292cd;28 Feb 2012;android.support.v4.app.HCSparseArray;D
346e2f2390f0d743fd10e7d01a015df6b32292cd;28 Feb 2012;android.support.v4.app.LoaderManager;M
346e2f2390f0d743fd10e7d01a015df6b32292cd;28 Feb 2012;android.support.v4.util.SparseArrayCompat;A
346e2f2390f0d743fd10e7d01a015df6b32292cd;28 Feb 2012;android.support.v4.widget.ScrollerCompat;A
346e2f2390f0d743fd10e7d01a015df6b32292cd;28 Feb 2012;android.support.v4.widget.StaggeredGridView;A
97b3c54fa1e1d75a87fd2429606c615894953946;12 Mar 2012;android.support.v4.app.FragmentActivity;M
e1feb53bd8abfa46613fdd0abcf7a015c7e706c1;28 Feb 2012;android.support.v7.gridlayout.BuildConfig;A
e1feb53bd8abfa46613fdd0abcf7a015c7e706c1;28 Feb 2012;android.support.v7.gridlayout.R;A
e1feb53bd8abfa46613fdd0abcf7a015c7e706c1;28 Feb 2012;android.support.v7.widget.GridLayout;A
e1feb53bd8abfa46613fdd0abcf7a015c7e706c1;28 Feb 2012;android.support.v7.widget.Space;A
e1feb53bd8abfa46613fdd0abcf7a015c7e706c1;28 Feb 2012;android.support.v7.widget.ViewGroup;A
e350edbd81af058201ac1b5dbe6631dafaffdadb;2 Mar 2012;android.support.v4.view.MotionEventCompat;M
dc5487a46b75572fa9120b22e89487c0178ff0a0;2 Mar 2012;android.support.v4.view.MotionEventCompat;M
dc5487a46b75572fa9120b22e89487c0178ff0a0;2 Mar 2012;android.support.v4.view.accessibility.AccessibilityManagerCompat;M
c95beb648f59c89c6bd7b0eed0a8b266a1b287e2;28 Feb 2012;android.support.v4.view.ViewCompat;M
c95beb648f59c89c6bd7b0eed0a8b266a1b287e2;28 Feb 2012;android.support.v4.view.ViewCompatJB;A
e70a95f70708c0168154c6753864cbbfc78c649f;24 Feb 2012;android.support.v4.view.accessibility.AccessibilityManagerCompat;M
cebf98c8edef6b3506258ddb68266febadd0db1a;16 Feb 2012;com.android.volley.CacheDispatcherTest;M
cebf98c8edef6b3506258ddb68266febadd0db1a;16 Feb 2012;com.android.volley.NetworkDispatcherTest;M
cebf98c8edef6b3506258ddb68266febadd0db1a;16 Feb 2012;com.android.volley.RequestQueueTest;M
cebf98c8edef6b3506258ddb68266febadd0db1a;16 Feb 2012;com.android.volley.RequestTest;M
cebf98c8edef6b3506258ddb68266febadd0db1a;16 Feb 2012;com.android.volley.ResponseDeliveryTest;M
cebf98c8edef6b3506258ddb68266febadd0db1a;16 Feb 2012;com.android.volley.toolbox.BasicNetworkTest;M
cebf98c8edef6b3506258ddb68266febadd0db1a;16 Feb 2012;com.android.volley.toolbox.HttpHeaderParserTest;M
cebf98c8edef6b3506258ddb68266febadd0db1a;16 Feb 2012;com.android.volley.toolbox.ImageRequestTest;M
9c19fc62ddd9d1b371cb3ead4e10bb5ff1100a6c;15 Feb 2012;com.android.volley.Request;M
9c19fc62ddd9d1b371cb3ead4e10bb5ff1100a6c;15 Feb 2012;com.android.volley.VolleyLog;M
9c19fc62ddd9d1b371cb3ead4e10bb5ff1100a6c;15 Feb 2012;com.android.volley.toolbox.BasicNetwork;M
9c19fc62ddd9d1b371cb3ead4e10bb5ff1100a6c;15 Feb 2012;com.android.volley.toolbox.DiskBasedCache;M
8ff39c8b303bb0194c89bb2b74a6793ddf7d8afe;14 Feb 2012;com.android.volley.toolbox.ImageRequestTest;M
7ac4b376371e890eb19838249e6749f64d707ad2;13 Feb 2012;android.support.v4.app.ShareCompat;M
3a137cd495b313a047b5e800d02a925dea707fa0;10 Feb 2012;android.support.v4.view.accessibility.AccessibilityNodeInfoCompat;M
3a137cd495b313a047b5e800d02a925dea707fa0;10 Feb 2012;android.support.v4.view.accessibility.AccessibilityRecordCompat;M
3a137cd495b313a047b5e800d02a925dea707fa0;10 Feb 2012;android.support.v4.view.accessibility.AccessibilityNodeInfoCompatJellyBean;A
3a137cd495b313a047b5e800d02a925dea707fa0;10 Feb 2012;android.support.v4.view.accessibility.AccessibilityRecordCompatJellyBean;A
97b687d492c63a6a016f420835d5457d8b4b55b1;10 Feb 2012;android.support.v4.util.LongSparseArray;A
4783095cc69fa85e484132337526c94d42d41c43;8 Feb 2012;android.support.v4.view.ViewPager;M
c9cf2eb0a9b6694d0fda3dbc313844955db60820;12 Jan 2012;android.support.v4.app.ActivityCompatHoneycomb;M
c9cf2eb0a9b6694d0fda3dbc313844955db60820;12 Jan 2012;android.support.v4.app.NotificationCompatHoneycomb;A
c9cf2eb0a9b6694d0fda3dbc313844955db60820;12 Jan 2012;android.support.v4.app.TaskStackBuilderHoneycomb;A
c9cf2eb0a9b6694d0fda3dbc313844955db60820;12 Jan 2012;android.support.v4.app.ActivityCompat;M
c9cf2eb0a9b6694d0fda3dbc313844955db60820;12 Jan 2012;android.support.v4.app.NavUtils;A
c9cf2eb0a9b6694d0fda3dbc313844955db60820;12 Jan 2012;android.support.v4.app.NotificationCompat;A
c9cf2eb0a9b6694d0fda3dbc313844955db60820;12 Jan 2012;android.support.v4.app.TaskStackBuilder;A
c9cf2eb0a9b6694d0fda3dbc313844955db60820;12 Jan 2012;android.support.v4.content.IntentCompat;M
ac4078687ff889e804b198bf5748e611bbb0fa30;12 Dec 2011;android.support.v4.app.ShareCompatICS;A
ac4078687ff889e804b198bf5748e611bbb0fa30;12 Dec 2011;android.support.v4.app.ActivityCompat;A
ac4078687ff889e804b198bf5748e611bbb0fa30;12 Dec 2011;android.support.v4.app.ShareCompat;A
efd500c1dc94cca913d5d714544dd0e7019858aa;5 Feb 2012;android.support.v4.app.FragmentActivity;M
31bb17f88734747206586eeb3eb57123e3cc2434;31 Jan 2012;android.support.v4.view.PagerAdapter;M
31bb17f88734747206586eeb3eb57123e3cc2434;31 Jan 2012;android.support.v4.view.ViewPager;M
956b013dfda37760b0232ed6d448900a546d2903;31 Jan 2012;android.support.v4.view.AccessibilityDelegateCompat;M
956b013dfda37760b0232ed6d448900a546d2903;31 Jan 2012;android.support.v4.view.ViewCompat;M
956b013dfda37760b0232ed6d448900a546d2903;31 Jan 2012;android.support.v4.view.accessibility.AccessibilityNodeInfoCompat;M
956b013dfda37760b0232ed6d448900a546d2903;31 Jan 2012;android.support.v4.view.accessibility.AccessibilityNodeProviderCompat;A
956b013dfda37760b0232ed6d448900a546d2903;31 Jan 2012;android.support.v4.view.AccessibilityDelegateCompatJellyBean;A
956b013dfda37760b0232ed6d448900a546d2903;31 Jan 2012;android.support.v4.view.accessibility.AccessibilityNodeProviderCompatJellyBean;A
2c9657f7b1eabf9bdbaf348d206a76cc7f0a4400;31 Jan 2012;android.support.v4.app.FragmentActivity;M
6bd60735de55d6621a4dffb0f6f4494decda484a;30 Jan 2012;android.support.v4.view.ViewPager;M
ad079a869adf67a87a2721342de27970a3ba1844;30 Jan 2012;android.support.v4.view.ViewPager;M
c64858f808c159a8b144d22e3168459074cdc181;30 Jan 2012;android.support.v4.view.accessibility.AccessibilityRecordCompatIcsMr1;A
c64858f808c159a8b144d22e3168459074cdc181;30 Jan 2012;android.support.v4.view.accessibility.AccessibilityRecordCompatIcs;M
c64858f808c159a8b144d22e3168459074cdc181;30 Jan 2012;android.support.v4.view.accessibility.AccessibilityNodeInfoCompat;M
c64858f808c159a8b144d22e3168459074cdc181;30 Jan 2012;android.support.v4.view.accessibility.AccessibilityRecordCompat;M
ee8bdae679a94a9be65204b96d9352c4afb58a93;30 Jan 2012;android.support.v4.app.DialogFragment;M
73df5d38da5c66eca9dfdb93de9c17d8e9e6c6d6;29 Jan 2012;android.support.v4.view.accessibility.AccessibilityRecordCompatIcsMr1;D
73df5d38da5c66eca9dfdb93de9c17d8e9e6c6d6;29 Jan 2012;android.support.v4.view.accessibility.AccessibilityRecordCompatIcs;M
73df5d38da5c66eca9dfdb93de9c17d8e9e6c6d6;29 Jan 2012;android.support.v4.view.accessibility.AccessibilityNodeInfoCompat;M
73df5d38da5c66eca9dfdb93de9c17d8e9e6c6d6;29 Jan 2012;android.support.v4.view.accessibility.AccessibilityRecordCompat;M
bf0a90aac4fb0392d975887eb1cbe8f55827d91f;27 Jan 2012;android.support.v4.view.accessibility.AccessibilityRecordCompatIcsMr1;A
bf0a90aac4fb0392d975887eb1cbe8f55827d91f;27 Jan 2012;android.support.v4.view.accessibility.AccessibilityRecordCompatIcs;M
bf0a90aac4fb0392d975887eb1cbe8f55827d91f;27 Jan 2012;android.support.v4.view.accessibility.AccessibilityNodeInfoCompat;M
bf0a90aac4fb0392d975887eb1cbe8f55827d91f;27 Jan 2012;android.support.v4.view.accessibility.AccessibilityRecordCompat;M
6f996b699e1e04c626c85f238d7039fcbc4af2c0;27 Jan 2012;android.support.v4.view.accessibility.AccessibilityRecordCompatIcs;M
6f996b699e1e04c626c85f238d7039fcbc4af2c0;27 Jan 2012;android.support.v4.view.accessibility.AccessibilityRecordCompatIcsMr1;D
6f996b699e1e04c626c85f238d7039fcbc4af2c0;27 Jan 2012;android.support.v4.view.accessibility.AccessibilityNodeInfoCompat;M
6f996b699e1e04c626c85f238d7039fcbc4af2c0;27 Jan 2012;android.support.v4.view.accessibility.AccessibilityRecordCompat;M
3e07e5fc54550773801aba01e3118a6fea296fe4;26 Jan 2012;android.support.v4.view.accessibility.AccessibilityRecordCompatIcs;M
3e07e5fc54550773801aba01e3118a6fea296fe4;26 Jan 2012;android.support.v4.view.accessibility.AccessibilityRecordCompatIcsMr1;A
3e07e5fc54550773801aba01e3118a6fea296fe4;26 Jan 2012;android.support.v4.view.accessibility.AccessibilityNodeInfoCompat;M
3e07e5fc54550773801aba01e3118a6fea296fe4;26 Jan 2012;android.support.v4.view.accessibility.AccessibilityRecordCompat;M
8650b2be627ebfe5b2625fae69624652ce0d7de0;24 Jan 2012;android.support.v4.app.ShareCompat;M
8205f0588fe605821216e4b9fe2c26709c4db8be;18 Jan 2012;android.support.v4.app.FragmentActivity;M
f4c0cf637ba73374a206cec26c09d4dfa4c1a364;18 Jan 2012;android.support.v4.app.FragmentManager;M
3af7ac0c50606fabc975b5f2b8576cfe3212d65d;18 Jan 2012;android.support.v4.app.FragmentManager;M
0f034dc2c69044597a91649b8c073ae5e98a2f25;10 Jan 2012;android.support.v4.view.ViewPager;M
14ad84e85a8c09b016a621f0f0017594e0d7864b;12 Dec 2011;android.support.v4.app.ShareCompatICS;A
14ad84e85a8c09b016a621f0f0017594e0d7864b;12 Dec 2011;android.support.v4.app.ActivityCompat;A
14ad84e85a8c09b016a621f0f0017594e0d7864b;12 Dec 2011;android.support.v4.app.ShareCompat;A
7dc96cc2410f551eefaa973ddc144146ad72d1ec;12 Dec 2011;android.support.v13.app.FragmentPagerAdapter;M
7dc96cc2410f551eefaa973ddc144146ad72d1ec;12 Dec 2011;android.support.v13.app.FragmentStatePagerAdapter;M
7dc96cc2410f551eefaa973ddc144146ad72d1ec;12 Dec 2011;android.support.v4.app.FragmentActivity;M
7dc96cc2410f551eefaa973ddc144146ad72d1ec;12 Dec 2011;android.support.v4.app.FragmentPagerAdapter;M
7dc96cc2410f551eefaa973ddc144146ad72d1ec;12 Dec 2011;android.support.v4.app.FragmentStatePagerAdapter;M
7dc96cc2410f551eefaa973ddc144146ad72d1ec;12 Dec 2011;android.support.v4.app.HCSparseArray;M
7dc96cc2410f551eefaa973ddc144146ad72d1ec;12 Dec 2011;android.support.v4.app.NoSaveStateFrameLayout;M
7dc96cc2410f551eefaa973ddc144146ad72d1ec;12 Dec 2011;android.support.v4.content.Loader;M
7dc96cc2410f551eefaa973ddc144146ad72d1ec;12 Dec 2011;android.support.v4.content.ModernAsyncTask;M
7dc96cc2410f551eefaa973ddc144146ad72d1ec;12 Dec 2011;android.support.v4.util.LruCache;M
7dc96cc2410f551eefaa973ddc144146ad72d1ec;12 Dec 2011;android.support.v4.view.ViewPager;M
91eec7fd0b6ffdbb44cd13777950552f74f654e6;2 Dec 2011;android.support.v4.view.ViewPager;M
4e057fe41a68a105a511853a4add4c4ece572a29;1 Dec 2011;android.support.v13.dreams.BasicDream;D
23b42ec742c2047d6bb9b364c9609e6e0af13b9d;30 Nov 2011;android.support.v4.view.PagerTitleStrip;M
23b42ec742c2047d6bb9b364c9609e6e0af13b9d;30 Nov 2011;android.support.v4.view.ViewPager;M
552468d2a1e3cbf74f3a6dcbb68fe079aed56cf9;30 Nov 2011;android.support.v4.view.PagerTitleStrip;M
a4a06a94df00575480d789b60ea25ce59184df1f;21 Nov 2011;android.support.v4.view.PagerAdapter;M
a4a06a94df00575480d789b60ea25ce59184df1f;21 Nov 2011;android.support.v4.view.PagerTitleStrip;M
a4a06a94df00575480d789b60ea25ce59184df1f;21 Nov 2011;android.support.v4.view.ViewPager;M
9aff2640605038766a3cad067116aeae25ef5105;9 Nov 2011;android.support.v4.view.ViewPager;M
7a01f352fa0fe92cfd786ced85129dcc5531c087;18 Nov 2011;android.support.v4.app.FragmentStatePagerAdapter;M
035f6aa81bbb439d2aa20dcd2eac4459a76d561e;9 Nov 2011;android.support.v4.view.ViewPager;M
0574ca37da4619afe4e26753f5a1b4de314b6565;17 Nov 2011;android.support.v13.app.FragmentCompat;M
0574ca37da4619afe4e26753f5a1b4de314b6565;17 Nov 2011;android.support.v13.app.FragmentStatePagerAdapter;M
0574ca37da4619afe4e26753f5a1b4de314b6565;17 Nov 2011;android.support.v13.dreams.BasicDream;M
0574ca37da4619afe4e26753f5a1b4de314b6565;17 Nov 2011;android.support.v4.view.ViewCompatGingerbread;M
0574ca37da4619afe4e26753f5a1b4de314b6565;17 Nov 2011;android.support.v4.os.ParcelableCompatCreatorCallbacks;M
0574ca37da4619afe4e26753f5a1b4de314b6565;17 Nov 2011;android.support.v4.accessibilityservice.AccessibilityServiceInfoCompatIcs;A
0574ca37da4619afe4e26753f5a1b4de314b6565;17 Nov 2011;android.support.v4.android.accessibilityservice.AccessibilityServiceInfoCompatIcs;D
0574ca37da4619afe4e26753f5a1b4de314b6565;17 Nov 2011;android.support.v4.accessibilityservice.AccessibilityServiceInfoCompat;A
0574ca37da4619afe4e26753f5a1b4de314b6565;17 Nov 2011;android.support.v4.android.accessibilityservice.AccessibilityServiceInfoCompat;D
0574ca37da4619afe4e26753f5a1b4de314b6565;17 Nov 2011;android.support.v4.app.Fragment;M
0574ca37da4619afe4e26753f5a1b4de314b6565;17 Nov 2011;android.support.v4.app.FragmentActivity;M
0574ca37da4619afe4e26753f5a1b4de314b6565;17 Nov 2011;android.support.v4.app.FragmentStatePagerAdapter;M
0574ca37da4619afe4e26753f5a1b4de314b6565;17 Nov 2011;android.support.v4.app.FragmentTransaction;M
0574ca37da4619afe4e26753f5a1b4de314b6565;17 Nov 2011;android.support.v4.app.HCSparseArray;M
0574ca37da4619afe4e26753f5a1b4de314b6565;17 Nov 2011;android.support.v4.app.NoSaveStateFrameLayout;M
0574ca37da4619afe4e26753f5a1b4de314b6565;17 Nov 2011;android.support.v4.app.ServiceCompat;M
0574ca37da4619afe4e26753f5a1b4de314b6565;17 Nov 2011;android.support.v4.content.AsyncTaskLoader;M
0574ca37da4619afe4e26753f5a1b4de314b6565;17 Nov 2011;android.support.v4.content.CursorLoader;M
0574ca37da4619afe4e26753f5a1b4de314b6565;17 Nov 2011;android.support.v4.content.IntentCompat;M
0574ca37da4619afe4e26753f5a1b4de314b6565;17 Nov 2011;android.support.v4.content.ModernAsyncTask;M
0574ca37da4619afe4e26753f5a1b4de314b6565;17 Nov 2011;android.support.v4.content.pm.ActivityInfoCompat;M
0574ca37da4619afe4e26753f5a1b4de314b6565;17 Nov 2011;android.support.v4.database.DatabaseUtilsCompat;M
0574ca37da4619afe4e26753f5a1b4de314b6565;17 Nov 2011;android.support.v4.os.ParcelableCompat;M
0574ca37da4619afe4e26753f5a1b4de314b6565;17 Nov 2011;android.support.v4.util.DebugUtils;M
0574ca37da4619afe4e26753f5a1b4de314b6565;17 Nov 2011;android.support.v4.util.LogWriter;M
0574ca37da4619afe4e26753f5a1b4de314b6565;17 Nov 2011;android.support.v4.util.TimeUtils;M
0574ca37da4619afe4e26753f5a1b4de314b6565;17 Nov 2011;android.support.v4.view.AccessibilityDelegateCompat;M
0574ca37da4619afe4e26753f5a1b4de314b6565;17 Nov 2011;android.support.v4.view.KeyEventCompat;M
0574ca37da4619afe4e26753f5a1b4de314b6565;17 Nov 2011;android.support.v4.view.MenuCompat;M
0574ca37da4619afe4e26753f5a1b4de314b6565;17 Nov 2011;android.support.v4.view.MenuItemCompat;M
0574ca37da4619afe4e26753f5a1b4de314b6565;17 Nov 2011;android.support.v4.view.MotionEventCompat;M
0574ca37da4619afe4e26753f5a1b4de314b6565;17 Nov 2011;android.support.v4.view.PagerAdapter;M
0574ca37da4619afe4e26753f5a1b4de314b6565;17 Nov 2011;android.support.v4.view.PagerTitleStrip;M
0574ca37da4619afe4e26753f5a1b4de314b6565;17 Nov 2011;android.support.v4.view.VelocityTrackerCompat;M
0574ca37da4619afe4e26753f5a1b4de314b6565;17 Nov 2011;android.support.v4.view.ViewCompat;M
0574ca37da4619afe4e26753f5a1b4de314b6565;17 Nov 2011;android.support.v4.view.ViewConfigurationCompat;M
0574ca37da4619afe4e26753f5a1b4de314b6565;17 Nov 2011;android.support.v4.view.ViewGroupCompat;M
0574ca37da4619afe4e26753f5a1b4de314b6565;17 Nov 2011;android.support.v4.view.accessibility.AccessibilityEventCompat;M
0574ca37da4619afe4e26753f5a1b4de314b6565;17 Nov 2011;android.support.v4.view.accessibility.AccessibilityManagerCompat;M
0574ca37da4619afe4e26753f5a1b4de314b6565;17 Nov 2011;android.support.v4.view.accessibility.AccessibilityNodeInfoCompat;M
0574ca37da4619afe4e26753f5a1b4de314b6565;17 Nov 2011;android.support.v4.view.accessibility.AccessibilityRecordCompat;M
0574ca37da4619afe4e26753f5a1b4de314b6565;17 Nov 2011;android.support.v4.widget.CursorFilter;M
0574ca37da4619afe4e26753f5a1b4de314b6565;17 Nov 2011;android.support.v4.widget.EdgeEffectCompat;M
0574ca37da4619afe4e26753f5a1b4de314b6565;17 Nov 2011;android.support.v4.widget.SearchViewCompat;M
65ba8a453a64cd8cedb176b26ab505711c46a89d;16 Nov 2011;com.android.volley.toolbox.JsonArrayRequest;M
65ba8a453a64cd8cedb176b26ab505711c46a89d;16 Nov 2011;com.android.volley.toolbox.JsonObjectRequest;M
583d8a1ff64c7c59dd4e11759f3d8e994ce878d9;16 Nov 2011;android.support.v13.app.FragmentPagerAdapter;M
583d8a1ff64c7c59dd4e11759f3d8e994ce878d9;16 Nov 2011;android.support.v13.app.FragmentStatePagerAdapter;M
583d8a1ff64c7c59dd4e11759f3d8e994ce878d9;16 Nov 2011;android.support.v4.app.FragmentPagerAdapter;M
583d8a1ff64c7c59dd4e11759f3d8e994ce878d9;16 Nov 2011;android.support.v4.app.FragmentStatePagerAdapter;M
583d8a1ff64c7c59dd4e11759f3d8e994ce878d9;16 Nov 2011;android.support.v4.view.PagerAdapter;M
583d8a1ff64c7c59dd4e11759f3d8e994ce878d9;16 Nov 2011;android.support.v4.view.ViewPager;M
fe32563fd610767a2d3eea8dbd96e6bae87739d5;15 Nov 2011;android.support.v4.widget.SearchViewCompat;M
1935ed3af7c6545bc38adfdc6026d87a3249222f;14 Nov 2011;android.support.v4.view.MenuCompatHoneycomb;D
1935ed3af7c6545bc38adfdc6026d87a3249222f;14 Nov 2011;android.support.v4.view.MenuItemCompatHoneycomb;A
1935ed3af7c6545bc38adfdc6026d87a3249222f;14 Nov 2011;android.support.v4.widget.SearchViewCompatHoneycomb;A
1935ed3af7c6545bc38adfdc6026d87a3249222f;14 Nov 2011;android.support.v4.app.ServiceCompat;A
1935ed3af7c6545bc38adfdc6026d87a3249222f;14 Nov 2011;android.support.v4.content.IntentCompat;A
1935ed3af7c6545bc38adfdc6026d87a3249222f;14 Nov 2011;android.support.v4.content.pm.ActivityInfoCompat;A
1935ed3af7c6545bc38adfdc6026d87a3249222f;14 Nov 2011;android.support.v4.database.DatabaseUtilsCompat;A
1935ed3af7c6545bc38adfdc6026d87a3249222f;14 Nov 2011;android.support.v4.view.MenuCompat;M
1935ed3af7c6545bc38adfdc6026d87a3249222f;14 Nov 2011;android.support.v4.view.MenuItemCompat;A
1935ed3af7c6545bc38adfdc6026d87a3249222f;14 Nov 2011;android.support.v4.widget.SearchViewCompat;A
ccde61ed8922020f05bd43a80dfcc130c99c00f0;10 Nov 2011;com.android.volley.toolbox.HttpHeaderParser;M
ccde61ed8922020f05bd43a80dfcc130c99c00f0;10 Nov 2011;com.android.volley.toolbox.HttpHeaderParserTest;M
5de8804b248eebaf7c29113ec80a0dff3a03c97a;8 Nov 2011;android.support.v4.view.ViewPager;M
79398eaefea45e61d839cf4e0534f0eafee70a09;7 Nov 2011;android.support.v13.app.FragmentCompatICSMR1;M
79398eaefea45e61d839cf4e0534f0eafee70a09;7 Nov 2011;android.support.v13.app.FragmentCompat;M
79398eaefea45e61d839cf4e0534f0eafee70a09;7 Nov 2011;android.support.v13.app.FragmentPagerAdapter;M
79398eaefea45e61d839cf4e0534f0eafee70a09;7 Nov 2011;android.support.v4.app.Fragment;M
79398eaefea45e61d839cf4e0534f0eafee70a09;7 Nov 2011;android.support.v4.app.FragmentManager;M
79398eaefea45e61d839cf4e0534f0eafee70a09;7 Nov 2011;android.support.v4.app.FragmentPagerAdapter;M
3713094c56d25e25df2a508dbee4aea869ffdea1;3 Nov 2011;com.android.volley.AuthFailureError;A
3713094c56d25e25df2a508dbee4aea869ffdea1;3 Nov 2011;com.android.volley.Cache;A
3713094c56d25e25df2a508dbee4aea869ffdea1;3 Nov 2011;com.android.volley.CacheDispatcher;A
3713094c56d25e25df2a508dbee4aea869ffdea1;3 Nov 2011;com.android.volley.DefaultRetryPolicy;A
3713094c56d25e25df2a508dbee4aea869ffdea1;3 Nov 2011;com.android.volley.ExecutorDelivery;A
3713094c56d25e25df2a508dbee4aea869ffdea1;3 Nov 2011;com.android.volley.Network;A
3713094c56d25e25df2a508dbee4aea869ffdea1;3 Nov 2011;com.android.volley.NetworkDispatcher;A
3713094c56d25e25df2a508dbee4aea869ffdea1;3 Nov 2011;com.android.volley.NetworkError;A
3713094c56d25e25df2a508dbee4aea869ffdea1;3 Nov 2011;com.android.volley.NetworkResponse;A
3713094c56d25e25df2a508dbee4aea869ffdea1;3 Nov 2011;com.android.volley.NoConnectionError;A
3713094c56d25e25df2a508dbee4aea869ffdea1;3 Nov 2011;com.android.volley.ParseError;A
3713094c56d25e25df2a508dbee4aea869ffdea1;3 Nov 2011;com.android.volley.Request;A
3713094c56d25e25df2a508dbee4aea869ffdea1;3 Nov 2011;com.android.volley.RequestQueue;A
3713094c56d25e25df2a508dbee4aea869ffdea1;3 Nov 2011;com.android.volley.Response;A
3713094c56d25e25df2a508dbee4aea869ffdea1;3 Nov 2011;com.android.volley.ResponseDelivery;A
3713094c56d25e25df2a508dbee4aea869ffdea1;3 Nov 2011;com.android.volley.RetryPolicy;A
3713094c56d25e25df2a508dbee4aea869ffdea1;3 Nov 2011;com.android.volley.ServerError;A
3713094c56d25e25df2a508dbee4aea869ffdea1;3 Nov 2011;com.android.volley.TimeoutError;A
3713094c56d25e25df2a508dbee4aea869ffdea1;3 Nov 2011;com.android.volley.VolleyError;A
3713094c56d25e25df2a508dbee4aea869ffdea1;3 Nov 2011;com.android.volley.VolleyLog;A
3713094c56d25e25df2a508dbee4aea869ffdea1;3 Nov 2011;com.android.volley.toolbox.AndroidAuthenticator;A
3713094c56d25e25df2a508dbee4aea869ffdea1;3 Nov 2011;com.android.volley.toolbox.Authenticator;A
3713094c56d25e25df2a508dbee4aea869ffdea1;3 Nov 2011;com.android.volley.toolbox.BasicNetwork;A
3713094c56d25e25df2a508dbee4aea869ffdea1;3 Nov 2011;com.android.volley.toolbox.ClearCacheRequest;A
3713094c56d25e25df2a508dbee4aea869ffdea1;3 Nov 2011;com.android.volley.toolbox.DiskBasedCache;A
3713094c56d25e25df2a508dbee4aea869ffdea1;3 Nov 2011;com.android.volley.toolbox.HttpClientStack;A
3713094c56d25e25df2a508dbee4aea869ffdea1;3 Nov 2011;com.android.volley.toolbox.HttpHeaderParser;A
3713094c56d25e25df2a508dbee4aea869ffdea1;3 Nov 2011;com.android.volley.toolbox.HttpStack;A
3713094c56d25e25df2a508dbee4aea869ffdea1;3 Nov 2011;com.android.volley.toolbox.HurlStack;A
3713094c56d25e25df2a508dbee4aea869ffdea1;3 Nov 2011;com.android.volley.toolbox.ImageRequest;A
3713094c56d25e25df2a508dbee4aea869ffdea1;3 Nov 2011;com.android.volley.toolbox.JsonArrayRequest;A
3713094c56d25e25df2a508dbee4aea869ffdea1;3 Nov 2011;com.android.volley.toolbox.JsonObjectRequest;A
3713094c56d25e25df2a508dbee4aea869ffdea1;3 Nov 2011;com.android.volley.toolbox.JsonRequest;A
3713094c56d25e25df2a508dbee4aea869ffdea1;3 Nov 2011;com.android.volley.toolbox.NoCache;A
3713094c56d25e25df2a508dbee4aea869ffdea1;3 Nov 2011;com.android.volley.toolbox.StringRequest;A
3713094c56d25e25df2a508dbee4aea869ffdea1;3 Nov 2011;com.android.volley.CacheDispatcherTest;A
3713094c56d25e25df2a508dbee4aea869ffdea1;3 Nov 2011;com.android.volley.NetworkDispatcherTest;A
3713094c56d25e25df2a508dbee4aea869ffdea1;3 Nov 2011;com.android.volley.RequestQueueTest;A
3713094c56d25e25df2a508dbee4aea869ffdea1;3 Nov 2011;com.android.volley.RequestTest;A
3713094c56d25e25df2a508dbee4aea869ffdea1;3 Nov 2011;com.android.volley.ResponseDeliveryTest;A
3713094c56d25e25df2a508dbee4aea869ffdea1;3 Nov 2011;com.android.volley.mock.MockCache;A
3713094c56d25e25df2a508dbee4aea869ffdea1;3 Nov 2011;com.android.volley.mock.MockHttpClient;A
3713094c56d25e25df2a508dbee4aea869ffdea1;3 Nov 2011;com.android.volley.mock.MockHttpStack;A
3713094c56d25e25df2a508dbee4aea869ffdea1;3 Nov 2011;com.android.volley.mock.MockNetwork;A
3713094c56d25e25df2a508dbee4aea869ffdea1;3 Nov 2011;com.android.volley.mock.MockRequest;A
3713094c56d25e25df2a508dbee4aea869ffdea1;3 Nov 2011;com.android.volley.mock.MockResponseDelivery;A
3713094c56d25e25df2a508dbee4aea869ffdea1;3 Nov 2011;com.android.volley.mock.WaitableQueue;A
3713094c56d25e25df2a508dbee4aea869ffdea1;3 Nov 2011;com.android.volley.toolbox.BasicNetworkTest;A
3713094c56d25e25df2a508dbee4aea869ffdea1;3 Nov 2011;com.android.volley.toolbox.HttpHeaderParserTest;A
3713094c56d25e25df2a508dbee4aea869ffdea1;3 Nov 2011;com.android.volley.toolbox.ImageRequestTest;A
3713094c56d25e25df2a508dbee4aea869ffdea1;3 Nov 2011;com.android.volley.utils.CacheTestUtils;A
3713094c56d25e25df2a508dbee4aea869ffdea1;3 Nov 2011;com.android.volley.utils.ImmediateResponseDelivery;A
6cafd27a3c89dfed10d7e226dc6168307513d4a6;2 Nov 2011;android.support.v4.app.FragmentManager;M
a7aea206661d601755bfac4165092d9130cba2bc;1 Nov 2011;android.support.v4.view.PagerTitleStrip;M
a7aea206661d601755bfac4165092d9130cba2bc;1 Nov 2011;android.support.v4.view.ViewPager;M
b26834d698d7c1ef48cecdca707517bd6be2aec0;31 Oct 2011;android.support.v4.app.FragmentManager;M
b26834d698d7c1ef48cecdca707517bd6be2aec0;31 Oct 2011;android.support.v4.app.LoaderManager;M
1199ae7067cdf8cf3eb30c057a61ae71a0aea1e5;31 Oct 2011;android.support.v4.app.FragmentManager;M
1199ae7067cdf8cf3eb30c057a61ae71a0aea1e5;31 Oct 2011;android.support.v4.app.LoaderManager;M
abc968f1eba800c34a4008deb43b015da5d23a5f;26 Oct 2011;android.support.v13.app.FragmentCompatICSMR1;A
abc968f1eba800c34a4008deb43b015da5d23a5f;26 Oct 2011;android.support.v13.app.FragmentCompat;M
abc968f1eba800c34a4008deb43b015da5d23a5f;26 Oct 2011;android.support.v13.app.FragmentPagerAdapter;M
abc968f1eba800c34a4008deb43b015da5d23a5f;26 Oct 2011;android.support.v4.app.Fragment;M
abc968f1eba800c34a4008deb43b015da5d23a5f;26 Oct 2011;android.support.v4.app.FragmentManager;M
abc968f1eba800c34a4008deb43b015da5d23a5f;26 Oct 2011;android.support.v4.app.FragmentPagerAdapter;M
abc968f1eba800c34a4008deb43b015da5d23a5f;26 Oct 2011;android.support.v4.app.LoaderManager;M
abc968f1eba800c34a4008deb43b015da5d23a5f;26 Oct 2011;android.support.v4.view.ViewPager;M
862ffa0efd58922b8ec119bf6fa6695c316423f7;25 Oct 2011;android.support.v4.view.ViewPager;M
3ce9274ccb8034c1787415c77307bbda36071bdd;24 Oct 2011;android.support.v4.view.ViewPager;M
1ccb8bcb79557d861de7f271c13e2fd8e54e012a;24 Oct 2011;android.support.v4.view.PagerTitleStrip;M
1ccb8bcb79557d861de7f271c13e2fd8e54e012a;24 Oct 2011;android.support.v4.view.ViewPager;M
bbadabf6dda7995d0a042367b1cf945755b25f94;24 Oct 2011;android.support.v4.view.ViewPager;M
e32915948fee2a9478e5e474cef4b4c58b9e47e2;24 Oct 2011;android.support.v4.view.PagerTitleStrip;M
e32915948fee2a9478e5e474cef4b4c58b9e47e2;24 Oct 2011;android.support.v4.view.ViewPager;M
e75440ddc01c061d9b12394fa10ad5d01a93bbe9;24 Oct 2011;android.support.v4.view.ViewPager;M
2aa99981d2f432f97683f075c99a561e8bdf2da1;24 Oct 2011;android.support.v4.view.PagerTitleStrip;M
2aa99981d2f432f97683f075c99a561e8bdf2da1;24 Oct 2011;android.support.v4.view.ViewPager;M
f9c2277244722eca88c784b9cfdcc78df7f94781;20 Oct 2011;android.support.v4.view.AccessibilityDelegateCompat;M
f9c2277244722eca88c784b9cfdcc78df7f94781;20 Oct 2011;android.support.v4.view.accessibility.AccessibilityManagerCompat;M
f9c2277244722eca88c784b9cfdcc78df7f94781;20 Oct 2011;android.support.v4.view.accessibility.AccessibilityNodeInfoCompat;M
f9c2277244722eca88c784b9cfdcc78df7f94781;20 Oct 2011;android.support.v4.view.accessibility.AccessibilityRecordCompat;M
8fffe01871be1806a1bdefa1f7213b660fcf5ac0;17 Oct 2011;android.support.v4.view.PagerAdapter;M
8fffe01871be1806a1bdefa1f7213b660fcf5ac0;17 Oct 2011;android.support.v4.view.PagerTitleStrip;A
8fffe01871be1806a1bdefa1f7213b660fcf5ac0;17 Oct 2011;android.support.v4.view.ViewPager;M
1295792da760a6baca24d95f2a7975eec1c2b08a;19 Oct 2011;android.support.v4.android.accessibilityservice.AccessibilityServiceInfoCompat;M
f59ea22d4af49aaebf9a712d39e756f77d9d7790;19 Oct 2011;android.support.v4.view.AccessibilityDelegateCompat;M
9508e3e642f5093e3181b4d5a3777bd84eedbcc6;17 Oct 2011;android.support.v4.view.ViewPager;M
9648c538bac4f04145c118cc41168d1d7a536312;11 Oct 2011;android.support.v4.android.accessibilityservice.AccessibilityServiceInfoCompatIcs;A
9648c538bac4f04145c118cc41168d1d7a536312;11 Oct 2011;android.support.v4.view.AccessibilityDelegateCompatIcs;A
9648c538bac4f04145c118cc41168d1d7a536312;11 Oct 2011;android.support.v4.view.ViewCompatICS;M
9648c538bac4f04145c118cc41168d1d7a536312;11 Oct 2011;android.support.v4.view.ViewGroupCompatIcs;A
9648c538bac4f04145c118cc41168d1d7a536312;11 Oct 2011;android.support.v4.view.accessibility.AccessibilityEventCompatIcs;A
9648c538bac4f04145c118cc41168d1d7a536312;11 Oct 2011;android.support.v4.view.accessibility.AccessibilityManagerCompatIcs;A
9648c538bac4f04145c118cc41168d1d7a536312;11 Oct 2011;android.support.v4.view.accessibility.AccessibilityNodeInfoCompatIcs;A
9648c538bac4f04145c118cc41168d1d7a536312;11 Oct 2011;android.support.v4.view.accessibility.AccessibilityRecordCompatIcs;A
9648c538bac4f04145c118cc41168d1d7a536312;11 Oct 2011;android.support.v4.android.accessibilityservice.AccessibilityServiceInfoCompat;A
9648c538bac4f04145c118cc41168d1d7a536312;11 Oct 2011;android.support.v4.view.AccessibilityDelegateCompat;A
9648c538bac4f04145c118cc41168d1d7a536312;11 Oct 2011;android.support.v4.view.ViewCompat;M
9648c538bac4f04145c118cc41168d1d7a536312;11 Oct 2011;android.support.v4.view.ViewGroupCompat;A
9648c538bac4f04145c118cc41168d1d7a536312;11 Oct 2011;android.support.v4.view.accessibility.AccessibilityEventCompat;A
9648c538bac4f04145c118cc41168d1d7a536312;11 Oct 2011;android.support.v4.view.accessibility.AccessibilityManagerCompat;A
9648c538bac4f04145c118cc41168d1d7a536312;11 Oct 2011;android.support.v4.view.accessibility.AccessibilityNodeInfoCompat;A
9648c538bac4f04145c118cc41168d1d7a536312;11 Oct 2011;android.support.v4.view.accessibility.AccessibilityRecordCompat;A
4fb2aa8fb492e12ed48daa4f025e0bfac00a2514;10 Oct 2011;android.support.v4.view.MotionEventCompat;M
1cbf48f28f6ef523af2a4aafa98c5437964cb48a;10 Oct 2011;android.support.v4.view.ViewPager;M
c286d5c93640e82c649888b7e5045801581e4d6c;9 Oct 2011;android.support.v4.content.CursorLoader;M
c286d5c93640e82c649888b7e5045801581e4d6c;9 Oct 2011;android.support.v4.database.CursorHelper;D
8a2ca60963f77938e1a611f2342ad043dc9467cf;9 Oct 2011;android.support.v4.content.CursorLoader;M
8a2ca60963f77938e1a611f2342ad043dc9467cf;9 Oct 2011;android.support.v4.content.ModernAsyncTask;M
8a2ca60963f77938e1a611f2342ad043dc9467cf;9 Oct 2011;android.support.v4.database.CursorHelper;A
390dc3748e6dea81760eb1773d55fcbd42976388;28 Sep 2011;android.support.v4.view.ViewPager;M
329da4d5431ae7923279b56b45b84e70c52f8eee;25 Sep 2011;android.support.v4.view.ViewPager;M
29a6184d74279156a9297dc67398712fb047fdc0;19 Sep 2011;android.support.v4.view.ViewPager;M
f98be2efe67cf4ce160d7ea0b1fba5b46c92a01b;16 Sep 2011;android.support.v4.view.ViewPager;M
b07179708a404260c65814b0ff14702eef189c01;15 Sep 2011;android.support.v4.app.FragmentActivity;M
efd6fc3b965239397c398f3b6fcbf1c9e66864ca;6 Sep 2011;android.support.v4.view.ViewPager;M
560114f591be31d0fb73c26a1ee1cc0a15184aba;2 Sep 2011;android.support.v4.view.ViewCompatGingerbread;A
560114f591be31d0fb73c26a1ee1cc0a15184aba;2 Sep 2011;android.support.v4.widget.EdgeEffectCompatIcs;A
560114f591be31d0fb73c26a1ee1cc0a15184aba;2 Sep 2011;android.support.v4.view.ViewCompat;M
560114f591be31d0fb73c26a1ee1cc0a15184aba;2 Sep 2011;android.support.v4.view.ViewPager;M
560114f591be31d0fb73c26a1ee1cc0a15184aba;2 Sep 2011;android.support.v4.widget.EdgeEffectCompat;A
218c1e661578e2a17928f7dbb590b43d1c79aeb7;1 Sep 2011;android.support.v4.app.Fragment;M
218c1e661578e2a17928f7dbb590b43d1c79aeb7;1 Sep 2011;android.support.v4.app.FragmentActivity;M
218c1e661578e2a17928f7dbb590b43d1c79aeb7;1 Sep 2011;android.support.v4.app.FragmentManager;M
218c1e661578e2a17928f7dbb590b43d1c79aeb7;1 Sep 2011;android.support.v4.view.ViewPager;M
3040c142491acd4a09e7d0add073be0067aec2d5;1 Sep 2011;android.support.v4.view.ViewPager;M
2a4d8518f36346ea25a22a736453ff28f2954165;29 Aug 2011;android.support.v13.app.FragmentCompatICS;A
2a4d8518f36346ea25a22a736453ff28f2954165;29 Aug 2011;android.support.v13.app.FragmentCompat;A
2a4d8518f36346ea25a22a736453ff28f2954165;29 Aug 2011;android.support.v13.app.FragmentPagerAdapter;M
2a4d8518f36346ea25a22a736453ff28f2954165;29 Aug 2011;android.support.v13.app.FragmentStatePagerAdapter;M
2a4d8518f36346ea25a22a736453ff28f2954165;29 Aug 2011;android.support.v4.view.KeyEventCompatHoneycomb;A
2a4d8518f36346ea25a22a736453ff28f2954165;29 Aug 2011;android.support.v4.app.BackStackRecord;M
2a4d8518f36346ea25a22a736453ff28f2954165;29 Aug 2011;android.support.v4.app.Fragment;M
2a4d8518f36346ea25a22a736453ff28f2954165;29 Aug 2011;android.support.v4.app.FragmentActivity;M
2a4d8518f36346ea25a22a736453ff28f2954165;29 Aug 2011;android.support.v4.app.FragmentManager;M
2a4d8518f36346ea25a22a736453ff28f2954165;29 Aug 2011;android.support.v4.app.FragmentPagerAdapter;M
2a4d8518f36346ea25a22a736453ff28f2954165;29 Aug 2011;android.support.v4.app.FragmentStatePagerAdapter;M
2a4d8518f36346ea25a22a736453ff28f2954165;29 Aug 2011;android.support.v4.view.KeyEventCompat;A
2a4d8518f36346ea25a22a736453ff28f2954165;29 Aug 2011;android.support.v4.view.PagerAdapter;M
2a4d8518f36346ea25a22a736453ff28f2954165;29 Aug 2011;android.support.v4.view.ViewCompat;M
2a4d8518f36346ea25a22a736453ff28f2954165;29 Aug 2011;android.support.v4.view.ViewPager;M
481243c175651c5de0741ab9390eb10f5b024d98;28 Aug 2011;android.support.v4.view.ViewPager;M
b743165c9f754c5503d4d056f263f7a328cafca6;12 Aug 2011;android.support.v4.view.ViewPager;M
4e6647fe2551985f33407acd712a4942b090207a;7 Aug 2011;android.support.v4.app.FragmentManager;M
66c0e6a0a5fd20c66b6c86133b8bd91fe303e430;3 Aug 2011;android.support.v4.view.ViewPager;M
cf2312ee850d26c9d1a2413c996d41397e816fb5;2 Aug 2011;android.support.v4.view.ViewPager;M
fbabff99ccbcb576c713991c5db5dec21a0d0ce0;2 Aug 2011;android.support.v4.content.AsyncTaskLoader;M
fbabff99ccbcb576c713991c5db5dec21a0d0ce0;2 Aug 2011;android.support.v4.content.CursorLoader;M
fbabff99ccbcb576c713991c5db5dec21a0d0ce0;2 Aug 2011;android.support.v4.content.ModernAsyncTask;A
df6f1393f73a488ba2661b28d3d88a5ac19c4ea2;25 Jul 2011;android.support.v4.app.BackStackRecord;M
df6f1393f73a488ba2661b28d3d88a5ac19c4ea2;25 Jul 2011;android.support.v4.app.FragmentActivity;M
df6f1393f73a488ba2661b28d3d88a5ac19c4ea2;25 Jul 2011;android.support.v4.app.FragmentTransaction;M
e8b402b00c0cbdac050c349a5fc89c34580f3185;21 Jul 2011;android.support.v4.app.FragmentManager;M
053e500a0e25cabf53139f57dc474a0b28751b91;18 Jul 2011;android.support.v4.view.ViewPager;M
9bc74aa50cd69dbd1d813102718c8dbf94c42aba;17 Jul 2011;android.support.v4.view.ViewPager;M
9f491519261135d9de50b60c2182755ccb665bf5;17 Jul 2011;android.support.v4.app.FragmentManager;M
97d6e631c6a0f698ae6fb249617f1596cb9c1cf1;28 Jun 2011;android.support.v4.view.ViewPager;M
3083afddf1baabb57e801d2aa7d9c59e8b1e1c19;24 Jun 2011;android.support.v4.content.LocalBroadcastManager;A
4b1c5a30f6107b6d170ec900f1d56bd7c46a10b7;16 Jun 2011;android.support.v4.view.ViewPager;M
54bdb7954141a06e488854e96f21372d59c4c951;16 Jun 2011;android.support.v4.view.ViewPager;M
69b7a33f67a5577ceb2bd43ff389d89b592f85b1;16 Jun 2011;android.support.v4.view.ViewPager;M
871a68b5daafd810623d680207652f87eb2d11cc;16 Jun 2011;android.support.v4.view.ViewPager;M
62e6c754f05f87a557c49ae37643e887d0e58f79;16 Jun 2011;android.support.v4.view.ViewPager;M
bd4398ce660db91dabde5db1e87890d5df0b0823;16 Jun 2011;android.support.v4.view.ViewPager;M
0d6d2990ddacd3f419879149137f09a30c061436;16 Jun 2011;android.support.v4.view.ViewPager;M
1d14e69b622aac46d309c95356b625db741178ad;15 Jun 2011;android.support.v4.app.FragmentPager;D
388026a7c2dc75f106e60cbfbe655f5fb8b8200e;15 Jun 2011;android.support.v4.view.ViewPager;M
47dc57337c13a2760ea3512ad84d6aa9f24ccd28;15 Jun 2011;android.support.v4.view.ViewCompat;M
47dc57337c13a2760ea3512ad84d6aa9f24ccd28;15 Jun 2011;android.support.v4.view.ViewPager;M
90b1a40d910cf9926b8f5d9d10663730e005451f;14 Jun 2011;android.support.v4.view.ViewPager;M
2c4b5dbfee5232bcbbcb74b84ce9147b62a9d789;14 Jun 2011;android.support.v4.app.Fragment;M
2c4b5dbfee5232bcbbcb74b84ce9147b62a9d789;14 Jun 2011;android.support.v4.app.FragmentManager;M
677ada6ea45f3889fb5118e85a3aa706f99e4d72;14 Jun 2011;android.support.v4.view.ViewPager;M
bc889e39e279fcf8c3d35fc11d8052c002eddf38;13 Jun 2011;android.support.v4.view.ViewCompatICS;A
bc889e39e279fcf8c3d35fc11d8052c002eddf38;13 Jun 2011;android.support.v4.view.ViewCompat;A
bc889e39e279fcf8c3d35fc11d8052c002eddf38;13 Jun 2011;android.support.v4.view.ViewPager;M
b097e1498ee2c8bb6265ef948dbea45a1e51ef84;10 Jun 2011;android.support.v4.view.PagerAdapter;M
b097e1498ee2c8bb6265ef948dbea45a1e51ef84;10 Jun 2011;android.support.v4.view.ViewPager;M
f81fd8c39e5ca44a4adb2fb45f9b382305842d87;13 Jun 2011;android.support.v4.app.ListFragment;M
9c53b844bd525e6a04e17291efc38713893074cd;13 Jun 2011;android.support.v4.app.Fragment;M
9c53b844bd525e6a04e17291efc38713893074cd;13 Jun 2011;android.support.v4.app.FragmentActivity;M
9c53b844bd525e6a04e17291efc38713893074cd;13 Jun 2011;android.support.v4.app.FragmentManager;M
9c53b844bd525e6a04e17291efc38713893074cd;13 Jun 2011;android.support.v4.app.ListFragment;M
9c53b844bd525e6a04e17291efc38713893074cd;13 Jun 2011;android.support.v4.app.LoaderManager;M
3661ad6c9143d58f741568f940f77ca9d38dec47;10 Jun 2011;android.support.v4.view.PagerAdapter;M
3661ad6c9143d58f741568f940f77ca9d38dec47;10 Jun 2011;android.support.v4.view.ViewPager;M
5c1637087453de15e31861f073eae5133c4e9f7b;6 Jun 2011;android.support.v13.app.FragmentPagerAdapter;M
5c1637087453de15e31861f073eae5133c4e9f7b;6 Jun 2011;android.support.v13.app.FragmentStatePagerAdapter;M
5c1637087453de15e31861f073eae5133c4e9f7b;6 Jun 2011;android.support.v13.view.PagerAdapter;D
5c1637087453de15e31861f073eae5133c4e9f7b;6 Jun 2011;android.support.v13.view.ViewPager;D
5c1637087453de15e31861f073eae5133c4e9f7b;6 Jun 2011;android.support.v4.os.ParcelableCompatCreatorCallbacks;A
5c1637087453de15e31861f073eae5133c4e9f7b;6 Jun 2011;android.support.v4.os.ParcelableCompatHoneycombMR2;A
5c1637087453de15e31861f073eae5133c4e9f7b;6 Jun 2011;android.support.v4.app.Fragment;M
5c1637087453de15e31861f073eae5133c4e9f7b;6 Jun 2011;android.support.v4.app.FragmentManager;M
5c1637087453de15e31861f073eae5133c4e9f7b;6 Jun 2011;android.support.v4.app.FragmentPager;M
5c1637087453de15e31861f073eae5133c4e9f7b;6 Jun 2011;android.support.v4.app.FragmentPagerAdapter;A
5c1637087453de15e31861f073eae5133c4e9f7b;6 Jun 2011;android.support.v4.app.FragmentStatePagerAdapter;A
5c1637087453de15e31861f073eae5133c4e9f7b;6 Jun 2011;android.support.v4.os.ParcelableCompat;A
5c1637087453de15e31861f073eae5133c4e9f7b;6 Jun 2011;android.support.v4.view.PagerAdapter;A
5c1637087453de15e31861f073eae5133c4e9f7b;6 Jun 2011;android.support.v4.view.ViewPager;A
4c2eb6dc16814bc44915d7603d1af465dff0407d;3 Jun 2011;android.support.v13.view.ViewPager;M
ea2c91b0198855073983b4a8437aa71cbd83872f;2 Jun 2011;android.support.v13.app.FragmentPager;D
ea2c91b0198855073983b4a8437aa71cbd83872f;2 Jun 2011;android.support.v13.app.FragmentPagerAdapter;A
ea2c91b0198855073983b4a8437aa71cbd83872f;2 Jun 2011;android.support.v13.app.FragmentStatePagerAdapter;A
ea2c91b0198855073983b4a8437aa71cbd83872f;2 Jun 2011;android.support.v13.view.PagerAdapter;A
ea2c91b0198855073983b4a8437aa71cbd83872f;2 Jun 2011;android.support.v13.view.ViewPager;A
ea2c91b0198855073983b4a8437aa71cbd83872f;2 Jun 2011;android.support.v4.app.FragmentActivity;M
ea2c91b0198855073983b4a8437aa71cbd83872f;2 Jun 2011;android.support.v4.app.FragmentManager;M
adbb09f55e4384c877d53ea5f792daf99d74e508;19 May 2011;android.support.v13.dreams.BasicDream;A
715a71e5f73cbc33f307cbd3625db8f889a05c1a;20 Apr 2011;android.support.v4.app.FragmentManager;M
d59dd1decc75fb41e19928c21b90d25e3eda2559;15 Apr 2011;android.support.v13.app.FragmentPager;A
e4417c91a0bb2fba42a0aaa99edcca1b238af21a;4 Apr 2011;android.support.v4.view.MotionEventCompatEclair;A
e4417c91a0bb2fba42a0aaa99edcca1b238af21a;4 Apr 2011;android.support.v4.view.ViewConfigurationCompatFroyo;A
e4417c91a0bb2fba42a0aaa99edcca1b238af21a;4 Apr 2011;android.support.v4.view.VelocityTrackerCompatHoneycomb;A
e4417c91a0bb2fba42a0aaa99edcca1b238af21a;4 Apr 2011;android.support.v4.app.BackStackRecord;M
e4417c91a0bb2fba42a0aaa99edcca1b238af21a;4 Apr 2011;android.support.v4.app.Fragment;M
e4417c91a0bb2fba42a0aaa99edcca1b238af21a;4 Apr 2011;android.support.v4.app.FragmentManager;M
e4417c91a0bb2fba42a0aaa99edcca1b238af21a;4 Apr 2011;android.support.v4.app.FragmentPager;A
e4417c91a0bb2fba42a0aaa99edcca1b238af21a;4 Apr 2011;android.support.v4.app.FragmentTransaction;M
e4417c91a0bb2fba42a0aaa99edcca1b238af21a;4 Apr 2011;android.support.v4.app.ListFragment;M
e4417c91a0bb2fba42a0aaa99edcca1b238af21a;4 Apr 2011;android.support.v4.view.MotionEventCompat;A
e4417c91a0bb2fba42a0aaa99edcca1b238af21a;4 Apr 2011;android.support.v4.view.VelocityTrackerCompat;A
e4417c91a0bb2fba42a0aaa99edcca1b238af21a;4 Apr 2011;android.support.v4.view.ViewConfigurationCompat;A
9af3080815137213b12730149fd75338255e9328;20 Apr 2011;android.support.v4.app.FragmentManager;M
b13ff27bb444693a88a4b1ed31e4e455eec8701c;15 Apr 2011;android.support.v13.app.FragmentPager;A
fc546a4bbfbf1ace0729ec3eca9d69020a7d57dd;15 Apr 2011;android.support.v4.app.Fragment;M
fc546a4bbfbf1ace0729ec3eca9d69020a7d57dd;15 Apr 2011;android.support.v4.app.FragmentManager;M
fc546a4bbfbf1ace0729ec3eca9d69020a7d57dd;15 Apr 2011;android.support.v4.app.ListFragment;M
4f55b122ba30dac3af0ebc9a48f1a43c55025d42;7 Apr 2011;android.support.v4.widget.CursorAdapter;M
eedc67283a5a49dce86c625e54596dfdea9465a7;4 Apr 2011;android.support.v4.view.MotionEventCompatEclair;A
eedc67283a5a49dce86c625e54596dfdea9465a7;4 Apr 2011;android.support.v4.view.ViewConfigurationCompatFroyo;A
eedc67283a5a49dce86c625e54596dfdea9465a7;4 Apr 2011;android.support.v4.view.VelocityTrackerCompatHoneycomb;A
eedc67283a5a49dce86c625e54596dfdea9465a7;4 Apr 2011;android.support.v4.app.BackStackRecord;M
eedc67283a5a49dce86c625e54596dfdea9465a7;4 Apr 2011;android.support.v4.app.Fragment;M
eedc67283a5a49dce86c625e54596dfdea9465a7;4 Apr 2011;android.support.v4.app.FragmentManager;M
eedc67283a5a49dce86c625e54596dfdea9465a7;4 Apr 2011;android.support.v4.app.FragmentPager;A
eedc67283a5a49dce86c625e54596dfdea9465a7;4 Apr 2011;android.support.v4.app.FragmentTransaction;M
eedc67283a5a49dce86c625e54596dfdea9465a7;4 Apr 2011;android.support.v4.view.MotionEventCompat;A
eedc67283a5a49dce86c625e54596dfdea9465a7;4 Apr 2011;android.support.v4.view.VelocityTrackerCompat;A
eedc67283a5a49dce86c625e54596dfdea9465a7;4 Apr 2011;android.support.v4.view.ViewConfigurationCompat;A
2f57cb1149f4ff23de0c8b926b893412704d3d35;18 Mar 2011;android.support.v4.util.LruCache;M
3137d1472f1de9eac2e9a5dbe5b8d91282b24e66;10 Mar 2011;android.support.v4.app.FragmentActivity;M
3137d1472f1de9eac2e9a5dbe5b8d91282b24e66;10 Mar 2011;android.support.v4.app.FragmentManager;M
9277b9e4419c1f0b5236d9b573a7cc0b23d56402;8 Mar 2011;android.support.v4.app.Fragment;M
9277b9e4419c1f0b5236d9b573a7cc0b23d56402;8 Mar 2011;android.support.v4.app.FragmentActivity;M
9277b9e4419c1f0b5236d9b573a7cc0b23d56402;8 Mar 2011;android.support.v4.app.FragmentManager;M
8e63c6994ea91c4a9ab3e68a60fcf6de7aab5565;25 Feb 2011;android.support.v4.util.LruCache;M
a87be984a409450f8e697bd5009d2aa9ccebbea6;25 Feb 2011;android.support.v4.util.LruCache;M
27aea04b07c1fafa0f815aa4f80374a9e051b41c;22 Feb 2011;android.support.v4.app.ActivityCompatHoneycomb;A
27aea04b07c1fafa0f815aa4f80374a9e051b41c;22 Feb 2011;android.support.v4.view.MenuCompatHoneycomb;A
27aea04b07c1fafa0f815aa4f80374a9e051b41c;22 Feb 2011;android.support.v4.app.FragmentActivity;M
27aea04b07c1fafa0f815aa4f80374a9e051b41c;22 Feb 2011;android.support.v4.view.MenuCompat;A
795b97d901e1793dac5c3e67d43c96a758fec388;17 Feb 2011;android.support.v4.util.LruCache;A
681a6fb06bdedb8661a68a1b9e34727b6059aa39;14 Feb 2011;android.support.v4.app.Fragment;M
681a6fb06bdedb8661a68a1b9e34727b6059aa39;14 Feb 2011;android.support.v4.app.FragmentActivity;M
681a6fb06bdedb8661a68a1b9e34727b6059aa39;14 Feb 2011;android.support.v4.app.FragmentManager;M
cba2e2c881e8e16ea5025b564c94320174d65f01;7 Feb 2011;android.support.v4.app.BackStackRecord;A
cba2e2c881e8e16ea5025b564c94320174d65f01;7 Feb 2011;android.support.v4.app.DialogFragment;A
cba2e2c881e8e16ea5025b564c94320174d65f01;7 Feb 2011;android.support.v4.app.Fragment;A
cba2e2c881e8e16ea5025b564c94320174d65f01;7 Feb 2011;android.support.v4.app.FragmentActivity;A
cba2e2c881e8e16ea5025b564c94320174d65f01;7 Feb 2011;android.support.v4.app.FragmentManager;A
cba2e2c881e8e16ea5025b564c94320174d65f01;7 Feb 2011;android.support.v4.app.FragmentTransaction;A
cba2e2c881e8e16ea5025b564c94320174d65f01;7 Feb 2011;android.support.v4.app.HCSparseArray;A
cba2e2c881e8e16ea5025b564c94320174d65f01;7 Feb 2011;android.support.v4.app.ListFragment;A
cba2e2c881e8e16ea5025b564c94320174d65f01;7 Feb 2011;android.support.v4.app.LoaderManager;A
cba2e2c881e8e16ea5025b564c94320174d65f01;7 Feb 2011;android.support.v4.app.NoSaveStateFrameLayout;A
cba2e2c881e8e16ea5025b564c94320174d65f01;7 Feb 2011;android.support.v4.app.SuperNotCalledException;A
cba2e2c881e8e16ea5025b564c94320174d65f01;7 Feb 2011;android.support.v4.content.AsyncTaskLoader;A
cba2e2c881e8e16ea5025b564c94320174d65f01;7 Feb 2011;android.support.v4.content.CursorLoader;A
cba2e2c881e8e16ea5025b564c94320174d65f01;7 Feb 2011;android.support.v4.content.Loader;A
cba2e2c881e8e16ea5025b564c94320174d65f01;7 Feb 2011;android.support.v4.util.DebugUtils;A
cba2e2c881e8e16ea5025b564c94320174d65f01;7 Feb 2011;android.support.v4.util.LogWriter;A
cba2e2c881e8e16ea5025b564c94320174d65f01;7 Feb 2011;android.support.v4.util.TimeUtils;A
cba2e2c881e8e16ea5025b564c94320174d65f01;7 Feb 2011;android.support.v4.widget.CursorAdapter;A
cba2e2c881e8e16ea5025b564c94320174d65f01;7 Feb 2011;android.support.v4.widget.CursorFilter;A
cba2e2c881e8e16ea5025b564c94320174d65f01;7 Feb 2011;android.support.v4.widget.ResourceCursorAdapter;A
cba2e2c881e8e16ea5025b564c94320174d65f01;7 Feb 2011;android.support.v4.widget.SimpleCursorAdapter;A
